delivery_id,sku,region,order_date,delivery_date,qty_ordered,qty_delivered,stockout_days,lead_time_days,fill_rate
D00781,SKU001,Volta,2025-11-03,2025-11-06,413.0,409.0,1.0,3,0.99
D00042,SKU006,Eastern,2025-01-05,2025-01-07,153.0,148.0,1.0,2,0.967
D00990,SKU006,Northern,2026-02-04,2026-02-07,184.0,179.0,2.0,3,0.973
D00945,SKU009,Greater Accra,2026-02-01,2026-02-05,292.0,,1.0,4,
D01114,SKU010,Western,2026-04-03,2026-04-07,249.0,241.0,2.0,4,0.968
D00870,SKU006,Greater Accra,2026-01-03,2026-01-04,538.0,519.0,0.0,1,0.965
D00234,SKU006,Ashanti,2025-04-06,2025-04-08,411.0,391.0,0.0,2,0.951
D01463,SKU011,Ashanti,2026-09-09,2026-09-14,304.0,290.0,0.0,5,0.954
D00613,SKU001,Eastern,2025-09-03,2025-09-05,288.0,278.0,0.0,2,0.965
D00638,SKU002,Volta,2025-09-02,2025-09-05,97.0,94.0,1.0,3,0.969
D01470,SKU006,Western,2026-09-04,2026-09-08,303.0,297.0,1.0,4,0.98
D00410,SKU002,Northern,2025-06-09,2025-06-13,340.0,338.0,0.0,4,0.994
D00432,SKU012,Volta,2025-06-08,2025-06-10,60.0,57.0,1.0,2,0.95
D00538,SKU010,Western,2025-08-04,2025-08-06,380.0,373.0,0.0,2,0.982
D00277,SKU001,Volta,2025-04-05,2025-04-09,331.0,324.0,0.0,4,0.979
D00407,SKU011,Eastern,2025-06-01,2025-06-05,240.0,237.0,1.0,4,0.988
D01095,SKU003,Ashanti,2026-04-04,2026-04-07,215.0,210.0,0.0,3,0.977
D01435,SKU007,Volta,2026-08-04,2026-08-07,204.0,194.0,0.0,3,0.951
D00599,SKU011,Ashanti,2025-09-04,2025-09-07,318.0,314.0,1.0,3,0.987
D01474,SKU010,Western,2026-09-07,2026-09-08,437.0,429.0,2.0,1,0.982
D00972,SKU012,Western,2026-02-02,2026-02-04,382.0,368.0,0.0,2,0.963
D00327,SKU003,Eastern,2025-05-07,2025-05-10,218.0,209.0,0.0,3,0.959
D01309,SKU001,Ashanti,2026-07-08,2026-07-19,577.0,415.0,8.0,11,0.719
D00170,SKU002,Western,2025-03-02,2025-03-06,319.0,309.0,2.0,4,0.969
D01312,SKU004,Ashanti,2026-07-01,2026-07-13,453.0,281.0,7.0,12,0.62
D00923,SKU011,Northern,2026-01-09,2026-01-11,110.0,108.0,0.0,2,0.982
D01189,SKU001,Eastern,2026-05-03,2026-05-05,486.0,485.0,0.0,2,0.998
D00760,SKU004,Eastern,2025-11-04,2025-11-07,228.0,219.0,0.0,3,0.961
D00954,SKU006,Ashanti,2026-02-09,2026-02-10,456.0,436.0,,1,0.956
D00474,SKU006,Eastern,2025-07-06,2025-07-10,271.0,266.0,0.0,4,0.982
D00536,SKU008,Western,2025-08-06,2025-08-10,217.0,216.0,1.0,4,0.995
D00090,SKU006,Ashanti,2025-02-05,2025-02-07,378.0,362.0,4.0,2,0.958
D00386,SKU002,Western,2025-06-04,2025-06-06,478.0,474.0,1.0,2,0.992
D01060,SKU004,Northern,2026-03-04,2026-03-06,71.0,68.0,0.0,2,0.958
D01497,SKU009,Northern,2026-09-07,2026-09-10,228.0,220.0,1.0,3,0.965
D01504,SKU004,Volta,2026-09-09,2026-09-13,256.0,255.0,0.0,4,0.996
D00997,SKU001,Volta,2026-02-04,2026-02-06,362.0,345.0,0.0,2,0.953
D00468,SKU012,Western,2025-07-04,2025-07-06,348.0,334.0,2.0,2,0.96
D00224,SKU008,Greater Accra,2025-04-05,2025-04-09,535.0,523.0,1.0,4,0.978
D00103,SKU007,Western,2025-02-02,2025-02-04,185.0,182.0,2.0,2,0.984
D01357,SKU001,Volta,2026-07-05,2026-07-07,211.0,209.0,0.0,2,0.991
D00032,SKU008,Western,2025-01-09,2025-01-12,344.0,328.0,1.0,3,0.953
D00773,SKU005,Northern,2025-11-09,2025-11-12,149.0,148.0,0.0,3,0.993
D00343,SKU007,Northern,2025-05-02,2025-05-05,76.0,73.0,1.0,3,0.961
D00509,SKU005,Greater Accra,2025-08-01,2025-08-04,571.0,564.0,4.0,3,0.988
D01185,SKU009,Western,2026-05-09,2026-05-12,223.0,214.0,0.0,3,0.96
D01393,SKU001,Western,2026-08-04,2026-08-06,565.0,542.0,0.0,2,0.959
D01272,SKU012,Eastern,2026-06-02,2026-06-06,422.0,406.0,2.0,4,0.962
D01173,SKU009,Ashanti,2026-05-06,2026-05-09,416.0,404.0,0.0,3,0.971
D00274,SKU010,Northern,2025-04-09,2025-04-12,58.0,56.0,0.0,3,0.966
D00548,SKU008,Eastern,2025-08-08,2025-08-11,301.0,288.0,0.0,3,0.957
D00917,SKU005,Northern,2026-01-07,2026-01-10,216.0,212.0,1.0,3,0.981
D01506,SKU006,Volta,2026-09-05,2026-09-07,147.0,140.0,0.0,2,0.952
D00637,SKU001,Volta,2025-09-01,2025-09-04,239.0,230.0,0.0,3,0.962
D00751,SKU007,Western,2025-11-03,2025-11-06,265.0,259.0,0.0,3,0.977
D00088,SKU004,Ashanti,2025-02-04,2025-02-06,547.0,521.0,1.0,2,0.952
D00575,SKU011,Volta,2025-08-04,2025-08-06,105.0,104.0,1.0,2,0.99
D00266,SKU002,Northern,2025-04-06,2025-04-10,408.0,407.0,1.0,4,0.998
D00849,SKU009,Northern,2025-12-08,2025-12-11,246.0,237.0,1.0,3,0.963
D01230,SKU006,Greater Accra,2026-06-09,2026-06-13,642.0,618.0,1.0,4,0.963
D00618,SKU006,Eastern,2025-09-06,2025-09-09,520.0,517.0,0.0,3,0.994
D00294,SKU006,Greater Accra,2025-05-02,2025-05-05,470.0,449.0,2.0,3,0.955
D01002,SKU006,Volta,2026-02-03,2026-02-04,169.0,164.0,1.0,1,0.97
D00645,SKU009,Volta,2025-09-07,2025-09-08,126.0,122.0,1.0,1,0.968
D00924,SKU012,Northern,2026-01-02,2026-01-05,162.0,156.0,0.0,3,0.963
D01429,SKU001,Volta,2026-08-01,2026-08-03,148.0,146.0,1.0,2,0.986
D01246,SKU010,Ashanti,2026-06-02,2026-06-04,353.0,340.0,0.0,2,0.963
D01008,SKU012,Volta,2026-02-05,2026-02-10,201.0,198.0,0.0,5,0.985
D00664,SKU004,Ashanti,2025-10-07,2025-10-10,632.0,626.0,1.0,3,0.991
D01127,SKU011,Eastern,2026-04-09,2026-04-12,269.0,256.0,1.0,3,0.952
D00059,SKU011,Northern,2025-01-09,2025-01-11,280.0,266.0,,2,0.95
D00754,SKU010,Western,2025-11-01,2025-11-05,346.0,344.0,2.0,4,0.994
D00354,SKU006,Volta,2025-05-03,2025-05-06,92.0,89.0,0.0,3,0.967
D00899,SKU011,Western,2026-01-06,2026-01-08,320.0,315.0,0.0,2,0.984
D00140,SKU008,Volta,2025-02-03,2025-02-06,159.0,157.0,0.0,3,0.987
D01161,SKU009,Greater Accra,2026-05-08,2026-05-10,433.0,419.0,0.0,2,0.968
D00487,SKU007,Northern,2025-07-03,2025-07-05,281.0,269.0,0.0,2,0.957
D01004,SKU008,Volta,2026-02-06,2026-02-09,166.0,165.0,0.0,3,0.994
D01279,SKU007,Northern,2026-06-01,2026-06-05,107.0,103.0,0.0,4,0.963
D00317,SKU005,Western,2025-05-01,2025-05-05,390.0,382.0,2.0,4,0.979
D00514,SKU010,Greater Accra,2025-08-04,2025-08-08,379.0,368.0,1.0,4,0.971
D01453,SKU001,Ashanti,2026-09-06,2026-09-19,703.0,523.0,12.0,13,0.744
D00694,SKU010,Eastern,2025-10-09,2025-10-12,300.0,296.0,2.0,3,0.987
D00594,SKU006,Ashanti,2025-09-08,2025-09-11,390.0,387.0,1.0,3,0.992
D01345,SKU001,Northern,2026-07-02,2026-07-05,392.0,390.0,3.0,3,0.995
D01507,SKU007,Volta,2026-09-04,2026-09-07,168.0,159.0,0.0,3,0.946
D01355,SKU011,Northern,2026-07-02,2026-07-04,124.0,120.0,1.0,2,0.968
D01282,SKU010,Northern,2026-06-04,2026-06-07,145.0,139.0,0.0,3,0.959
D00792,SKU012,Volta,2025-11-02,2025-11-05,227.0,225.0,0.0,3,0.991
D00838,SKU010,Eastern,2025-12-03,2025-12-06,563.0,559.0,0.0,3,0.993
D00073,SKU001,Greater Accra,2025-02-08,2025-02-10,845.0,812.0,0.0,2,0.961
D00966,SKU006,Western,2026-02-03,2026-02-05,224.0,221.0,0.0,2,0.987
D01131,SKU003,Northern,2026-04-06,2026-04-07,197.0,187.0,1.0,1,0.949
D01458,SKU006,Ashanti,2026-09-06,2026-09-09,749.0,735.0,2.0,3,0.981
D00187,SKU007,Eastern,2025-03-07,2025-03-09,212.0,202.0,1.0,2,0.953
D00576,SKU012,Volta,2025-08-04,2025-08-06,103.0,100.0,0.0,2,0.971
D00889,SKU001,Western,2026-01-08,2026-01-11,582.0,576.0,2.0,3,0.99
D00405,SKU009,Eastern,2025-06-06,2025-06-08,135.0,128.0,0.0,2,0.948
D01487,SKU011,Eastern,2026-09-02,2026-09-05,327.0,314.0,0.0,3,0.96
D00738,SKU006,Ashanti,2025-11-07,2025-11-09,424.0,407.0,2.0,2,0.96
D00967,SKU007,Western,2026-02-03,2026-02-04,280.0,279.0,3.0,1,0.996
D01196,SKU008,Eastern,2026-05-07,2026-05-08,520.0,497.0,1.0,1,0.956
D00148,SKU004,Greater Accra,2025-03-04,2025-03-07,515.0,499.0,0.0,3,0.969
D00334,SKU010,Eastern,2025-05-06,2025-05-09,179.0,176.0,0.0,3,0.983
D01213,SKU001,Volta,2026-05-04,2026-05-06,426.0,422.0,1.0,2,0.991
D00154,SKU010,Greater Accra,2025-03-04,2025-03-05,283.0,274.0,0.0,1,0.968
D01270,SKU010,Eastern,2026-06-02,2026-06-04,253.0,242.0,0.0,2,0.957
D01194,SKU006,Eastern,2026-05-02,2026-05-03,236.0,234.0,1.0,1,0.992
D00133,SKU001,Volta,2025-02-03,2025-02-05,450.0,446.0,0.0,2,0.991
D00673,SKU001,Western,2025-10-09,2025-10-12,530.0,524.0,0.0,3,0.989
D00791,SKU011,Volta,2025-11-08,2025-11-11,201.0,191.0,0.0,3,0.95
D00035,SKU011,Western,2025-01-03,2025-01-05,284.0,278.0,0.0,2,0.979
D00833,SKU005,Eastern,2025-12-07,2025-12-08,339.0,332.0,0.0,1,0.979
D00290,SKU002,Greater Accra,2025-05-05,2025-05-06,677.0,,0.0,1,
D00982,SKU010,Eastern,2026-02-05,2026-02-08,450.0,433.0,1.0,3,0.962
D01294,SKU010,Volta,2026-06-03,2026-06-05,159.0,158.0,3.0,2,0.994
D00528,SKU012,Ashanti,2025-08-06,2025-08-07,382.0,365.0,0.0,1,0.955
D00159,SKU003,Ashanti,2025-03-07,2025-03-10,373.0,364.0,1.0,3,0.976
D01141,SKU001,Volta,2026-04-06,2026-04-09,242.0,236.0,0.0,3,0.975
D01135,SKU007,Northern,2026-04-05,2026-04-07,138.0,134.0,0.0,2,0.971
D01417,SKU001,Northern,2026-08-03,2026-08-07,434.0,419.0,0.0,4,0.965
D00788,SKU008,Volta,2025-11-02,2025-11-03,266.0,260.0,1.0,1,0.977
D01349,SKU005,Northern,2026-07-09,2026-07-12,354.0,348.0,0.0,3,0.983
D00543,SKU003,Eastern,2025-08-07,2025-08-10,202.0,192.0,0.0,3,0.95
D00651,SKU003,Greater Accra,2025-10-06,2025-10-10,616.0,587.0,2.0,4,0.953
D01388,SKU008,Ashanti,2026-08-09,2026-08-10,361.0,352.0,1.0,1,0.975
D00720,SKU012,Volta,2025-10-01,2025-10-03,110.0,104.0,0.0,2,0.945
D01495,SKU007,Northern,2026-09-08,2026-09-10,275.0,261.0,2.0,2,0.949
D00964,SKU004,Western,2026-02-02,2026-02-05,201.0,192.0,2.0,3,0.955
D00359,SKU011,Volta,2025-05-04,2025-05-08,24.0,23.0,1.0,4,0.958
D00992,SKU008,Northern,2026-02-03,2026-02-06,193.0,187.0,2.0,3,0.969
D00223,SKU007,Greater Accra,2025-04-03,2025-04-08,583.0,565.0,0.0,5,0.969
D00667,SKU007,Ashanti,2025-10-02,2025-10-03,388.0,,1.0,1,
D00806,SKU002,Ashanti,2025-12-05,2025-12-09,615.0,608.0,1.0,4,0.989
D01034,SKU002,Western,2026-03-09,2026-03-10,632.0,601.0,1.0,1,0.951
D00778,SKU010,Northern,2025-11-04,2025-11-06,164.0,161.0,1.0,2,0.982
D00114,SKU006,Eastern,2025-02-05,2025-02-08,203.0,193.0,1.0,3,0.951
D00066,SKU006,Volta,2025-01-04,2025-01-06,103.0,99.0,0.0,2,0.961
D01198,SKU010,Eastern,2026-05-07,2026-05-10,317.0,307.0,0.0,3,0.968
D01291,SKU007,Volta,2026-06-08,2026-06-10,91.0,87.0,1.0,2,0.956
D01218,SKU006,Volta,2026-05-09,2026-05-12,265.0,256.0,1.0,3,0.966
D00363,SKU003,Greater Accra,2025-06-07,2025-06-10,469.0,462.0,3.0,3,0.985
D00980,SKU008,Eastern,2026-02-02,2026-02-07,229.0,218.0,1.0,5,0.952
D00014,SKU002,Ashanti,2025-01-07,2025-01-11,510.0,496.0,0.0,4,0.973
D00585,SKU009,Greater Accra,2025-09-09,2025-09-10,402.0,394.0,2.0,1,0.98
D00847,SKU007,Northern,2025-12-07,2025-12-10,190.0,183.0,0.0,3,0.963
D01033,SKU001,Western,2026-03-07,2026-03-10,413.0,395.0,0.0,3,0.956
D00878,SKU002,Ashanti,2026-01-05,2026-01-06,407.0,395.0,0.0,1,0.971
D00027,SKU003,Western,2025-01-02,2025-01-06,416.0,396.0,0.0,4,0.952
D01350,SKU006,Northern,2026-07-01,2026-07-04,163.0,157.0,1.0,3,0.963
D01134,SKU006,Northern,2026-04-04,2026-04-07,132.0,130.0,0.0,3,0.985
D00089,SKU005,Ashanti,2025-02-04,2025-02-06,180.0,176.0,0.0,2,0.978
D00254,SKU002,Eastern,2025-04-04,2025-04-08,463.0,440.0,0.0,4,0.95
D01059,SKU003,Northern,2026-03-03,2026-03-06,96.0,91.0,1.0,3,0.948
D00748,SKU004,Western,2025-11-07,2025-11-11,393.0,377.0,1.0,4,0.959
D00310,SKU010,Ashanti,2025-05-05,2025-05-09,616.0,611.0,0.0,4,0.992
D00163,SKU007,Ashanti,2025-03-05,2025-03-07,382.0,366.0,1.0,2,0.958
D00367,SKU007,Greater Accra,2025-06-04,2025-06-07,329.0,314.0,3.0,3,0.954
D00261,SKU009,Eastern,2025-04-01,2025-04-05,131.0,127.0,1.0,4,0.969
D00134,SKU002,Volta,2025-02-07,2025-02-10,274.0,270.0,0.0,3,0.985
D00558,SKU006,Northern,2025-08-03,2025-08-04,264.0,260.0,1.0,1,0.985
D00255,SKU003,Eastern,2025-04-05,2025-04-07,383.0,366.0,1.0,2,0.956
D00522,SKU006,Ashanti,2025-08-01,2025-08-04,598.0,572.0,1.0,3,0.957
D00145,SKU001,Greater Accra,2025-03-06,2025-03-08,506.0,485.0,0.0,2,0.958
D01040,SKU008,Western,2026-03-05,2026-03-07,280.0,266.0,0.0,2,0.95
D00439,SKU007,Greater Accra,2025-07-04,2025-07-06,556.0,534.0,1.0,2,0.96
D01212,SKU012,Northern,2026-05-07,2026-05-12,118.0,117.0,0.0,5,0.992
D00480,SKU012,Eastern,2025-07-05,2025-07-09,135.0,128.0,1.0,4,0.948
D00995,SKU011,Northern,2026-02-03,2026-02-08,205.0,198.0,1.0,5,0.966
D00759,SKU003,Eastern,2025-11-07,2025-11-09,220.0,213.0,0.0,2,0.968
D00287,SKU011,Volta,2025-04-02,2025-04-06,150.0,148.0,1.0,4,0.987
D00179,SKU011,Western,2025-03-04,2025-03-05,154.0,152.0,1.0,1,0.987
D00006,SKU006,Greater Accra,2025-01-02,2025-01-05,369.0,350.0,,3,0.949
D00284,SKU008,Volta,2025-04-05,2025-04-09,157.0,,1.0,4,
D01082,SKU002,Greater Accra,2026-04-03,2026-04-05,744.0,743.0,0.0,2,0.999
D00318,SKU006,Western,2025-05-04,2025-05-09,290.0,278.0,1.0,5,0.959
D00996,SKU012,Northern,2026-02-06,2026-02-09,226.0,224.0,0.0,3,0.991
D00771,SKU003,Northern,2025-11-01,2025-11-04,47.0,46.0,0.0,3,0.979
D00231,SKU003,Ashanti,2025-04-01,2025-04-03,198.0,189.0,1.0,2,0.955
D00189,SKU009,Eastern,2025-03-03,2025-03-05,371.0,368.0,1.0,2,0.992
D01459,SKU007,Ashanti,2026-09-04,2026-09-05,343.0,340.0,1.0,1,0.991
D00619,SKU007,Eastern,2025-09-08,2025-09-09,299.0,290.0,0.0,1,0.97
D01325,SKU005,Western,2026-07-01,2026-07-04,360.0,353.0,1.0,3,0.981
D00758,SKU002,Eastern,2025-11-08,2025-11-09,530.0,520.0,0.0,1,0.981
D00378,SKU006,Ashanti,2025-06-03,2025-06-06,415.0,400.0,2.0,3,0.964
D00326,SKU002,Eastern,2025-05-02,2025-05-05,457.0,434.0,0.0,3,0.95
D00632,SKU008,Northern,2025-09-04,2025-09-06,245.0,239.0,2.0,2,0.976
D00635,SKU011,Northern,2025-09-01,2025-09-04,151.0,146.0,0.0,3,0.967
D00926,SKU002,Volta,2026-01-01,2026-01-02,154.0,150.0,1.0,1,0.974
D01093,SKU001,Ashanti,2026-04-02,2026-04-03,578.0,567.0,1.0,1,0.981
D01167,SKU003,Ashanti,2026-05-07,2026-05-08,519.0,501.0,0.0,1,0.965
D01009,SKU001,Greater Accra,2026-03-01,2026-03-05,642.0,628.0,2.0,4,0.978
D01330,SKU010,Western,2026-07-04,2026-07-06,327.0,314.0,0.0,2,0.96
D00111,SKU003,Eastern,2025-02-02,2025-02-05,361.0,354.0,1.0,3,0.981
D00893,SKU005,Western,2026-01-03,2026-01-06,367.0,359.0,1.0,3,0.978
D00841,SKU001,Northern,2025-12-01,2025-12-03,488.0,466.0,1.0,2,0.955
D01128,SKU012,Eastern,2026-04-03,2026-04-05,416.0,411.0,0.0,2,0.988
D00127,SKU007,Northern,2025-02-01,2025-02-04,187.0,178.0,1.0,3,0.952
D01266,SKU006,Eastern,2026-06-08,2026-06-09,84.0,80.0,1.0,1,0.952
D01454,SKU002,Ashanti,2026-09-03,2026-09-14,709.0,550.0,11.0,11,0.776
D00164,SKU008,Ashanti,2025-03-06,2025-03-07,389.0,378.0,1.0,1,0.972
D00678,SKU006,Western,2025-10-09,2025-10-11,362.0,353.0,0.0,2,0.975
D00938,SKU002,Greater Accra,2026-02-08,2026-02-11,322.0,309.0,1.0,3,0.96
D00663,SKU003,Ashanti,2025-10-05,2025-10-06,465.0,455.0,0.0,1,0.978
D00589,SKU001,Ashanti,2025-09-08,2025-09-11,553.0,542.0,1.0,3,0.98
D01096,SKU004,Ashanti,2026-04-02,2026-04-04,487.0,473.0,1.0,2,0.971
D00137,SKU005,Volta,2025-02-09,2025-02-10,237.0,231.0,0.0,1,0.975
D01482,SKU006,Eastern,2026-09-08,2026-09-12,250.0,243.0,2.0,4,0.972
D00048,SKU012,Eastern,2025-01-08,2025-01-12,233.0,229.0,1.0,4,0.983
D01352,SKU008,Northern,2026-07-06,2026-07-10,101.0,100.0,2.0,4,0.99
D00377,SKU005,Ashanti,2025-06-05,2025-06-06,309.0,297.0,2.0,1,0.961
D00071,SKU011,Volta,2025-01-09,2025-01-12,94.0,90.0,2.0,3,0.957
D01168,SKU004,Ashanti,2026-05-02,2026-05-05,336.0,324.0,2.0,3,0.964
D00641,SKU005,Volta,2025-09-09,2025-09-12,221.0,217.0,1.0,3,0.982
D00861,SKU009,Volta,2025-12-06,2025-12-11,254.0,243.0,3.0,5,0.957
D01239,SKU003,Ashanti,2026-06-05,2026-06-08,404.0,387.0,0.0,3,0.958
D00316,SKU004,Western,2025-05-07,2025-05-09,367.0,360.0,1.0,2,0.981
D00281,SKU005,Volta,2025-04-02,2025-04-05,172.0,165.0,1.0,3,0.959
D00381,SKU009,Ashanti,2025-06-01,2025-06-03,506.0,498.0,0.0,2,0.984
D00463,SKU007,Western,2025-07-05,2025-07-07,241.0,231.0,2.0,2,0.959
D00076,SKU004,Greater Accra,2025-02-06,2025-02-09,472.0,466.0,0.0,3,0.987
D01339,SKU007,Eastern,2026-07-07,2026-07-10,368.0,362.0,1.0,3,0.984
D00497,SKU005,Volta,2025-07-01,2025-07-04,229.0,221.0,0.0,3,0.965
D01440,SKU012,Volta,2026-08-01,2026-08-04,197.0,191.0,1.0,3,0.97
D00545,SKU005,Eastern,2025-08-01,2025-08-06,268.0,257.0,0.0,5,0.959
D00093,SKU009,Ashanti,2025-02-08,2025-02-10,176.0,174.0,0.0,2,0.989
D01062,SKU006,Northern,2026-03-03,2026-03-06,331.0,330.0,1.0,3,0.997
D01088,SKU008,Greater Accra,2026-04-02,2026-04-04,550.0,548.0,2.0,2,0.996
D00493,SKU001,Volta,2025-07-03,2025-07-04,150.0,149.0,2.0,1,0.993
D00072,SKU012,Volta,2025-01-02,2025-01-05,151.0,146.0,2.0,3,0.967
D01152,SKU012,Volta,2026-04-08,2026-04-10,216.0,208.0,2.0,2,0.963
D00677,SKU005,Western,2025-10-03,2025-10-06,273.0,271.0,2.0,3,0.993
D01399,SKU007,Western,2026-08-06,2026-08-09,343.0,340.0,0.0,3,0.991
D00579,SKU003,Greater Accra,2025-09-04,2025-09-06,451.0,431.0,0.0,2,0.956
D01317,SKU009,Ashanti,2026-07-07,2026-07-09,203.0,201.0,0.0,2,0.99
D00404,SKU008,Eastern,2025-06-07,2025-06-08,393.0,391.0,1.0,1,0.995
D01411,SKU007,Eastern,2026-08-02,2026-08-04,275.0,261.0,0.0,2,0.949
D01483,SKU007,Eastern,2026-09-09,2026-09-13,345.0,333.0,1.0,4,0.965
D01144,SKU004,Volta,2026-04-05,2026-04-07,98.0,96.0,0.0,2,0.98
D00438,SKU006,Greater Accra,2025-07-03,2025-07-07,533.0,512.0,0.0,4,0.961
D01439,SKU011,Volta,2026-08-05,2026-08-09,185.0,179.0,0.0,4,0.968
D00205,SKU001,Volta,2025-03-05,2025-03-07,374.0,370.0,1.0,2,0.989
D00488,SKU008,Northern,2025-07-07,2025-07-09,136.0,134.0,0.0,2,0.985
D00304,SKU004,Ashanti,2025-05-01,2025-05-03,304.0,301.0,2.0,2,0.99
D00863,SKU011,Volta,2025-12-05,2025-12-09,234.0,222.0,0.0,4,0.949
D00259,SKU007,Eastern,2025-04-02,2025-04-06,386.0,370.0,1.0,4,0.959
D00376,SKU004,Ashanti,2025-06-06,2025-06-10,236.0,234.0,1.0,4,0.992
D00337,SKU001,Northern,2025-05-03,2025-05-07,224.0,213.0,2.0,4,0.951
D00713,SKU005,Volta,2025-10-02,2025-10-06,189.0,183.0,1.0,4,0.968
D01200,SKU012,Eastern,2026-05-08,2026-05-12,380.0,372.0,0.0,4,0.979
D01443,SKU003,Greater Accra,2026-09-03,2026-09-06,695.0,693.0,0.0,3,0.997
D01455,SKU003,Ashanti,2026-09-07,2026-09-19,501.0,357.0,12.0,12,0.713
D00041,SKU005,Eastern,2025-01-09,2025-01-10,119.0,116.0,0.0,1,0.975
D00011,SKU011,Greater Accra,2025-01-06,2025-01-11,378.0,373.0,0.0,5,0.987
D00012,SKU012,Greater Accra,2025-01-09,2025-01-10,644.0,637.0,1.0,1,0.989
D00064,SKU004,Volta,2025-01-08,2025-01-11,281.0,272.0,1.0,3,0.968
D00732,SKU012,Greater Accra,2025-11-03,2025-11-05,702.0,691.0,1.0,2,0.984
D00946,SKU010,Greater Accra,2026-02-05,2026-02-08,296.0,291.0,2.0,3,0.983
D01254,SKU006,Western,2026-06-05,2026-06-08,315.0,311.0,0.0,3,0.987
D01195,SKU007,Eastern,2026-05-03,2026-05-05,296.0,292.0,1.0,2,0.986
D00897,SKU009,Western,2026-01-06,2026-01-09,180.0,173.0,0.0,3,0.961
D01228,SKU004,Greater Accra,2026-06-02,2026-06-04,441.0,428.0,1.0,2,0.971
D00551,SKU011,Eastern,2025-08-05,2025-08-08,298.0,292.0,0.0,3,0.98
D00726,SKU006,Greater Accra,2025-11-09,2025-11-11,458.0,449.0,0.0,2,0.98
D01314,SKU006,Ashanti,2026-07-07,2026-07-10,471.0,464.0,0.0,3,0.985
D00650,SKU002,Greater Accra,2025-10-07,2025-10-09,829.0,,1.0,2,
D01129,SKU001,Northern,2026-04-07,2026-04-09,215.0,214.0,0.0,2,0.995
D00249,SKU009,Western,2025-04-02,2025-04-04,284.0,274.0,1.0,2,0.965
D00684,SKU012,Western,2025-10-05,2025-10-07,402.0,393.0,0.0,2,0.978
D00950,SKU002,Ashanti,2026-02-02,2026-02-04,403.0,385.0,1.0,2,0.955
D01410,SKU006,Eastern,2026-08-05,2026-08-09,345.0,342.0,1.0,4,0.991
D01408,SKU004,Eastern,2026-08-05,2026-08-06,323.0,316.0,1.0,1,0.978
D01390,SKU010,Ashanti,2026-08-04,2026-08-06,445.0,433.0,1.0,2,0.973
D01394,SKU002,Western,2026-08-03,2026-08-06,521.0,518.0,0.0,3,0.994
D00451,SKU007,Ashanti,2025-07-04,2025-07-07,449.0,445.0,1.0,3,0.991
D00068,SKU008,Volta,2025-01-06,2025-01-09,89.0,85.0,0.0,3,0.955
D00443,SKU011,Greater Accra,2025-07-08,2025-07-09,534.0,519.0,0.0,1,0.972
D01090,SKU010,Greater Accra,2026-04-01,2026-04-05,782.0,748.0,0.0,4,0.957
D00434,SKU002,Greater Accra,2025-07-07,2025-07-09,655.0,632.0,2.0,2,0.965
D00829,SKU001,Eastern,2025-12-02,2025-12-05,433.0,421.0,1.0,3,0.972
D01511,SKU011,Volta,2026-09-09,2026-09-11,103.0,102.0,1.0,2,0.99
D00685,SKU001,Eastern,2025-10-08,2025-10-10,654.0,644.0,0.0,2,0.985
D00210,SKU006,Volta,2025-03-06,2025-03-08,116.0,114.0,2.0,2,0.983
D01478,SKU002,Eastern,2026-09-01,2026-09-03,540.0,527.0,0.0,2,0.976
D01176,SKU012,Ashanti,2026-05-08,2026-05-11,355.0,347.0,0.0,3,0.977
D00069,SKU009,Volta,2025-01-05,2025-01-08,56.0,55.0,1.0,3,0.982
D01170,SKU006,Ashanti,2026-05-07,2026-05-09,509.0,488.0,0.0,2,0.959
D00077,SKU005,Greater Accra,2025-02-07,2025-02-10,541.0,534.0,0.0,3,0.987
D01337,SKU005,Eastern,2026-07-05,2026-07-10,426.0,417.0,0.0,5,0.979
D00706,SKU010,Northern,2025-10-04,2025-10-07,191.0,188.0,1.0,3,0.984
D01145,SKU005,Volta,2026-04-05,2026-04-06,491.0,481.0,0.0,1,0.98
D01324,SKU004,Western,2026-07-06,2026-07-08,159.0,155.0,0.0,2,0.975
D00958,SKU010,Ashanti,2026-02-07,2026-02-09,177.0,169.0,1.0,2,0.955
D00392,SKU008,Western,2025-06-07,2025-06-10,395.0,391.0,0.0,3,0.99
D01362,SKU006,Volta,2026-07-07,2026-07-09,176.0,168.0,1.0,2,0.955
D00768,SKU012,Eastern,2025-11-02,2025-11-05,433.0,431.0,0.0,3,0.995
D01492,SKU004,Northern,2026-09-01,2026-09-03,105.0,100.0,0.0,2,0.952
D01208,SKU008,Northern,2026-05-08,2026-05-10,148.0,140.0,0.0,2,0.946
D01037,SKU005,Western,2026-03-01,2026-03-03,303.0,293.0,1.0,2,0.967
D01015,SKU007,Greater Accra,2026-03-09,2026-03-13,537.0,532.0,0.0,4,0.991
D00621,SKU009,Eastern,2025-09-08,2025-09-10,115.0,109.0,0.0,2,0.948
D00099,SKU003,Western,2025-02-08,2025-02-10,438.0,425.0,1.0,2,0.97
D01019,SKU011,Greater Accra,2026-03-05,2026-03-06,533.0,515.0,1.0,1,0.966
D00930,SKU006,Volta,2026-01-03,2026-01-05,100.0,95.0,0.0,2,0.95
D01217,SKU005,Volta,2026-05-05,2026-05-08,141.0,138.0,0.0,3,0.979
D00056,SKU008,Northern,2025-01-07,2025-01-08,86.0,84.0,1.0,1,0.977
D00874,SKU010,Greater Accra,2026-01-01,2026-01-04,449.0,431.0,0.0,3,0.96
D00525,SKU009,Ashanti,2025-08-02,2025-08-04,290.0,288.0,1.0,2,0.993
D00228,SKU012,Greater Accra,2025-04-02,2025-04-06,374.0,360.0,,4,0.963
D00176,SKU008,Western,2025-03-03,2025-03-05,237.0,229.0,1.0,2,0.966
D00030,SKU006,Western,2025-01-01,2025-01-05,366.0,351.0,0.0,4,0.959
D00653,SKU005,Greater Accra,2025-10-04,2025-10-06,661.0,649.0,0.0,2,0.982
D01308,SKU012,Greater Accra,2026-07-09,2026-07-14,343.0,331.0,1.0,5,0.965
D01403,SKU011,Western,2026-08-01,2026-08-02,309.0,303.0,,1,0.981
D00139,SKU007,Volta,2025-02-09,2025-02-12,79.0,75.0,0.0,3,0.949
D01116,SKU012,Western,2026-04-08,2026-04-09,501.0,485.0,1.0,1,0.968
D01401,SKU009,Western,2026-08-06,2026-08-09,384.0,381.0,1.0,3,0.992
D01038,SKU006,Western,2026-03-04,2026-03-07,516.0,497.0,0.0,3,0.963
D00742,SKU010,Ashanti,2025-11-06,2025-11-09,458.0,442.0,4.0,3,0.965
D00896,SKU008,Western,2026-01-06,2026-01-09,236.0,230.0,1.0,3,0.975
D01058,SKU002,Northern,2026-03-02,2026-03-03,260.0,257.0,0.0,1,0.988
D00571,SKU007,Volta,2025-08-02,2025-08-04,64.0,61.0,0.0,2,0.953
D00192,SKU012,Eastern,2025-03-09,2025-03-13,193.0,191.0,0.0,4,0.99
D00612,SKU012,Western,2025-09-07,2025-09-10,321.0,314.0,1.0,3,0.978
D00414,SKU006,Northern,2025-06-05,2025-06-07,116.0,115.0,0.0,2,0.991
D00436,SKU004,Greater Accra,2025-07-04,2025-07-06,385.0,375.0,2.0,2,0.974
D00358,SKU010,Volta,2025-05-09,2025-05-12,128.0,123.0,2.0,3,0.961
D01061,SKU005,Northern,2026-03-09,2026-03-13,159.0,154.0,2.0,4,0.969
D00448,SKU004,Ashanti,2025-07-08,2025-07-09,388.0,377.0,,1,0.972
D00872,SKU008,Greater Accra,2026-01-01,2026-01-04,472.0,465.0,0.0,3,0.985
D00016,SKU004,Ashanti,2025-01-06,2025-01-09,132.0,131.0,1.0,3,0.992
D01426,SKU010,Northern,2026-08-09,2026-08-12,271.0,265.0,1.0,3,0.978
D01368,SKU012,Volta,2026-07-06,2026-07-09,115.0,111.0,1.0,3,0.965
D00375,SKU003,Ashanti,2025-06-05,2025-06-11,290.0,278.0,0.0,6,0.959
D01323,SKU003,Western,2026-07-06,2026-07-09,122.0,120.0,2.0,3,0.984
D01192,SKU004,Eastern,2026-05-08,2026-05-11,340.0,323.0,0.0,3,0.95
D01235,SKU011,Greater Accra,2026-06-03,2026-06-04,338.0,323.0,2.0,1,0.956
D00158,SKU002,Ashanti,2025-03-05,2025-03-07,372.0,362.0,0.0,2,0.973
D00704,SKU008,Northern,2025-10-07,2025-10-10,142.0,140.0,0.0,3,0.986
D01261,SKU001,Eastern,2026-06-04,2026-06-07,567.0,540.0,0.0,3,0.952
D00121,SKU001,Northern,2025-02-03,2025-02-05,284.0,278.0,1.0,2,0.979
D00867,SKU003,Greater Accra,2026-01-08,2026-01-11,505.0,499.0,0.0,3,0.988
D00498,SKU006,Volta,2025-07-06,2025-07-08,221.0,214.0,0.0,2,0.968
D01502,SKU002,Volta,2026-09-03,2026-09-04,171.0,168.0,0.0,1,0.982
D01373,SKU005,Greater Accra,2026-08-08,2026-08-10,541.0,532.0,3.0,2,0.983
D00395,SKU011,Western,2025-06-05,2025-06-08,427.0,406.0,0.0,3,0.951
D00226,SKU010,Greater Accra,2025-04-02,2025-04-04,559.0,556.0,0.0,2,0.995
D00323,SKU011,Western,2025-05-02,2025-05-03,281.0,267.0,0.0,1,0.95
D01226,SKU002,Greater Accra,2026-06-09,2026-06-11,638.0,627.0,0.0,2,0.983
D00572,SKU008,Volta,2025-08-09,2025-08-12,291.0,285.0,0.0,3,0.979
D00496,SKU004,Volta,2025-07-04,2025-07-05,162.0,155.0,3.0,1,0.957
D00550,SKU010,Eastern,2025-08-06,2025-08-10,186.0,177.0,2.0,4,0.952
D00577,SKU001,Greater Accra,2025-09-07,2025-09-10,708.0,701.0,1.0,3,0.99
D01122,SKU006,Eastern,2026-04-07,2026-04-10,315.0,311.0,0.0,3,0.987
D00173,SKU005,Western,2025-03-04,2025-03-06,379.0,373.0,2.0,2,0.984
D01310,SKU002,Ashanti,2026-07-01,2026-07-09,677.0,384.0,13.0,8,0.567
D01113,SKU009,Western,2026-04-01,2026-04-03,358.0,341.0,0.0,2,0.953
D01036,SKU004,Western,2026-03-07,2026-03-08,350.0,340.0,1.0,1,0.971
D00922,SKU010,Northern,2026-01-05,2026-01-09,142.0,135.0,1.0,4,0.951
D00248,SKU008,Western,2025-04-05,2025-04-06,565.0,554.0,1.0,1,0.981
D00957,SKU009,Ashanti,2026-02-08,2026-02-12,467.0,445.0,0.0,4,0.953
D01280,SKU008,Northern,2026-06-01,2026-06-06,175.0,173.0,0.0,5,0.989
D01262,SKU002,Eastern,2026-06-07,2026-06-10,333.0,330.0,0.0,3,0.991
D01428,SKU012,Northern,2026-08-03,2026-08-06,147.0,145.0,1.0,3,0.986
D00227,SKU011,Greater Accra,2025-04-01,2025-04-04,376.0,374.0,1.0,3,0.995
D00156,SKU012,Greater Accra,2025-03-03,2025-03-04,449.0,444.0,1.0,1,0.989
D00232,SKU004,Ashanti,2025-04-08,2025-04-09,487.0,470.0,1.0,1,0.965
D00989,SKU005,Northern,2026-02-02,2026-02-04,177.0,171.0,2.0,2,0.966
D01320,SKU012,Ashanti,2026-07-04,2026-07-06,263.0,260.0,0.0,2,0.989
D00918,SKU006,Northern,2026-01-01,2026-01-03,197.0,196.0,0.0,2,0.995
D01153,SKU001,Greater Accra,2026-05-04,2026-05-05,866.0,843.0,1.0,1,0.973
D00402,SKU006,Eastern,2025-06-02,2025-06-04,204.0,199.0,1.0,2,0.975
D01467,SKU003,Western,2026-09-03,2026-09-06,261.0,250.0,0.0,3,0.958
D00560,SKU008,Northern,2025-08-02,2025-08-03,193.0,184.0,0.0,1,0.953
D01484,SKU008,Eastern,2026-09-03,2026-09-06,361.0,343.0,2.0,3,0.95
D00289,SKU001,Greater Accra,2025-05-05,2025-05-09,832.0,823.0,1.0,4,0.989
D00601,SKU001,Western,2025-09-05,2025-09-08,605.0,600.0,1.0,3,0.992
D00909,SKU009,Eastern,2026-01-02,2026-01-05,174.0,169.0,1.0,3,0.971
D00937,SKU001,Greater Accra,2026-02-08,2026-02-12,523.0,498.0,1.0,4,0.952
D00020,SKU008,Ashanti,2025-01-07,2025-01-09,429.0,428.0,0.0,2,0.998
D00783,SKU003,Volta,2025-11-08,2025-11-09,174.0,170.0,1.0,1,0.977
D00333,SKU009,Eastern,2025-05-08,2025-05-12,72.0,69.0,1.0,4,0.958
D00406,SKU010,Eastern,2025-06-02,2025-06-07,194.0,189.0,0.0,5,0.974
D00045,SKU009,Eastern,2025-01-05,2025-01-06,208.0,200.0,0.0,1,0.962
D00731,SKU011,Greater Accra,2025-11-07,2025-11-09,464.0,458.0,1.0,2,0.987
D00428,SKU008,Volta,2025-06-03,2025-06-04,108.0,106.0,0.0,1,0.981
D00679,SKU007,Western,2025-10-03,2025-10-05,382.0,371.0,0.0,2,0.971
D00355,SKU007,Volta,2025-05-04,2025-05-05,153.0,151.0,0.0,1,0.987
D00727,SKU007,Greater Accra,2025-11-01,2025-11-03,710.0,686.0,0.0,2,0.966
D01448,SKU008,Greater Accra,2026-09-02,2026-09-05,492.0,483.0,0.0,3,0.982
D01174,SKU010,Ashanti,2026-05-03,2026-05-05,683.0,655.0,0.0,2,0.959
D00373,SKU001,Ashanti,2025-06-05,2025-06-08,790.0,750.0,1.0,3,0.949
D00646,SKU010,Volta,2025-09-05,2025-09-09,52.0,51.0,0.0,4,0.981
D01012,SKU004,Greater Accra,2026-03-06,2026-03-08,578.0,549.0,1.0,2,0.95
D00430,SKU010,Volta,2025-06-04,2025-06-06,73.0,69.0,0.0,2,0.945
D00240,SKU012,Ashanti,2025-04-01,2025-04-04,696.0,693.0,0.0,3,0.996
D00987,SKU003,Northern,2026-02-01,2026-02-03,89.0,84.0,1.0,2,0.944
D00705,SKU009,Northern,2025-10-09,2025-10-12,134.0,130.0,1.0,3,0.97
D00034,SKU010,Western,2025-01-06,2025-01-09,210.0,209.0,3.0,3,0.995
D01299,SKU003,Greater Accra,2026-07-02,2026-07-05,803.0,778.0,0.0,3,0.969
D00810,SKU006,Ashanti,2025-12-06,2025-12-08,379.0,366.0,0.0,2,0.966
D00293,SKU005,Greater Accra,2025-05-07,2025-05-08,530.0,507.0,,1,0.957
D00125,SKU005,Northern,2025-02-09,2025-02-11,191.0,190.0,2.0,2,0.995
D00291,SKU003,Greater Accra,2025-05-09,2025-05-11,619.0,598.0,3.0,2,0.966
D00346,SKU010,Northern,2025-05-05,2025-05-09,89.0,88.0,2.0,4,0.989
D01466,SKU002,Western,2026-09-02,2026-09-03,567.0,541.0,1.0,1,0.954
D00825,SKU009,Western,2025-12-04,2025-12-06,302.0,296.0,2.0,2,0.98
D00527,SKU011,Ashanti,2025-08-08,2025-08-10,271.0,270.0,1.0,2,0.996
D00502,SKU010,Volta,2025-07-05,2025-07-08,48.0,45.0,0.0,3,0.938
D00165,SKU009,Ashanti,2025-03-02,2025-03-05,166.0,165.0,0.0,3,0.994
D00426,SKU006,Volta,2025-06-05,2025-06-09,219.0,213.0,0.0,4,0.973
D00412,SKU004,Northern,2025-06-04,2025-06-06,85.0,82.0,1.0,2,0.965
D00400,SKU004,Eastern,2025-06-01,2025-06-03,239.0,236.0,1.0,2,0.987
D01210,SKU010,Northern,2026-05-04,2026-05-08,171.0,169.0,0.0,4,0.988
D00762,SKU006,Eastern,2025-11-07,2025-11-09,239.0,235.0,1.0,2,0.983
D00657,SKU009,Greater Accra,2025-10-08,2025-10-10,240.0,239.0,1.0,2,0.996
D00021,SKU009,Ashanti,2025-01-01,2025-01-02,296.0,282.0,1.0,1,0.953
D00827,SKU011,Western,2025-12-09,2025-12-10,793.0,783.0,0.0,1,0.987
D01318,SKU010,Ashanti,2026-07-09,2026-07-13,267.0,255.0,1.0,4,0.955
D01140,SKU012,Northern,2026-04-05,2026-04-09,162.0,154.0,1.0,4,0.951
D00409,SKU001,Northern,2025-06-06,2025-06-08,397.0,388.0,0.0,2,0.977
D00357,SKU009,Volta,2025-05-04,2025-05-09,172.0,163.0,1.0,5,0.948
D00799,SKU007,Greater Accra,2025-12-09,2025-12-11,606.0,589.0,,2,0.972
D00050,SKU002,Northern,2025-01-06,2025-01-07,195.0,191.0,1.0,1,0.979
D00745,SKU001,Western,2025-11-09,2025-11-11,759.0,738.0,0.0,2,0.972
D00469,SKU001,Eastern,2025-07-02,2025-07-05,413.0,407.0,0.0,3,0.985
D00517,SKU001,Ashanti,2025-08-07,2025-08-11,594.0,589.0,0.0,4,0.992
D00959,SKU011,Ashanti,2026-02-08,2026-02-12,425.0,411.0,0.0,4,0.967
D00625,SKU001,Northern,2025-09-06,2025-09-10,506.0,487.0,1.0,4,0.962
D01472,SKU008,Western,2026-09-05,2026-09-06,802.0,777.0,0.0,1,0.969
D00510,SKU006,Greater Accra,2025-08-01,2025-08-04,724.0,693.0,1.0,3,0.957
D00067,SKU007,Volta,2025-01-08,2025-01-10,113.0,109.0,1.0,2,0.965
D00151,SKU007,Greater Accra,2025-03-06,2025-03-07,291.0,283.0,1.0,1,0.973
D00881,SKU005,Ashanti,2026-01-04,2026-01-05,506.0,496.0,0.0,1,0.98
D00665,SKU005,Ashanti,2025-10-09,2025-10-13,549.0,526.0,1.0,4,0.958
D00903,SKU003,Eastern,2026-01-03,2026-01-04,341.0,335.0,1.0,1,0.982
D00656,SKU008,Greater Accra,2025-10-06,2025-10-08,434.0,433.0,1.0,2,0.998
D01124,SKU008,Eastern,2026-04-08,2026-04-11,407.0,395.0,0.0,3,0.971
D00873,SKU009,Greater Accra,2026-01-07,2026-01-09,454.0,441.0,0.0,2,0.971
D01100,SKU008,Ashanti,2026-04-06,2026-04-08,420.0,400.0,0.0,2,0.952
D01493,SKU005,Northern,2026-09-01,2026-09-03,326.0,321.0,1.0,2,0.985
D00331,SKU007,Eastern,2025-05-05,2025-05-08,80.0,76.0,3.0,3,0.95
D00828,SKU012,Western,2025-12-09,2025-12-10,483.0,482.0,2.0,1,0.998
D01028,SKU008,Ashanti,2026-03-09,2026-03-13,346.0,344.0,1.0,4,0.994
D00036,SKU012,Western,2025-01-06,2025-01-10,313.0,297.0,3.0,4,0.949
D00811,SKU007,Ashanti,2025-12-01,2025-12-02,313.0,300.0,1.0,1,0.958
D00446,SKU002,Ashanti,2025-07-02,2025-07-04,620.0,612.0,0.0,2,0.987
D01501,SKU001,Volta,2026-09-07,2026-09-10,431.0,411.0,1.0,3,0.954
D00860,SKU008,Volta,2025-12-08,2025-12-09,439.0,432.0,0.0,1,0.984
D00342,SKU006,Northern,2025-05-05,2025-05-07,219.0,211.0,0.0,2,0.963
D00740,SKU008,Ashanti,2025-11-04,2025-11-07,351.0,348.0,1.0,3,0.991
D00723,SKU003,Greater Accra,2025-11-01,2025-11-03,511.0,495.0,1.0,2,0.969
D00919,SKU007,Northern,2026-01-04,2026-01-08,55.0,53.0,0.0,4,0.964
D00953,SKU005,Ashanti,2026-02-05,2026-02-07,543.0,542.0,0.0,2,0.998
D00984,SKU012,Eastern,2026-02-01,2026-02-04,328.0,325.0,0.0,3,0.991
D01278,SKU006,Northern,2026-06-02,2026-06-05,150.0,149.0,0.0,3,0.993
D00697,SKU001,Northern,2025-10-08,2025-10-10,369.0,352.0,0.0,2,0.954
D00737,SKU005,Ashanti,2025-11-07,2025-11-09,569.0,547.0,2.0,2,0.961
D00239,SKU011,Ashanti,2025-04-01,2025-04-04,594.0,589.0,0.0,3,0.992
D01236,SKU012,Greater Accra,2026-06-06,2026-06-08,763.0,760.0,0.0,2,0.996
D00907,SKU007,Eastern,2026-01-04,2026-01-08,238.0,237.0,0.0,4,0.996
D01363,SKU007,Volta,2026-07-01,2026-07-05,118.0,113.0,0.0,4,0.958
D00238,SKU010,Ashanti,2025-04-01,2025-04-03,393.0,374.0,3.0,2,0.952
D01119,SKU003,Eastern,2026-04-03,2026-04-08,462.0,450.0,1.0,5,0.974
D01123,SKU007,Eastern,2026-04-03,2026-04-05,227.0,225.0,1.0,2,0.991
D01072,SKU004,Volta,2026-03-06,2026-03-07,112.0,109.0,2.0,1,0.973
D00039,SKU003,Eastern,2025-01-07,2025-01-10,360.0,343.0,1.0,3,0.953
D00105,SKU009,Western,2025-02-06,2025-02-07,270.0,267.0,0.0,1,0.989
D00842,SKU002,Northern,2025-12-02,2025-12-04,162.0,159.0,0.0,2,0.981
D00229,SKU001,Ashanti,2025-04-05,2025-04-07,739.0,715.0,0.0,2,0.968
D00724,SKU004,Greater Accra,2025-11-07,2025-11-10,263.0,261.0,1.0,3,0.992
D00718,SKU010,Volta,2025-10-07,2025-10-10,119.0,114.0,0.0,3,0.958
D01358,SKU002,Volta,2026-07-06,2026-07-09,192.0,184.0,0.0,3,0.958
D01348,SKU004,Northern,2026-07-06,2026-07-08,127.0,121.0,1.0,2,0.953
D00437,SKU005,Greater Accra,2025-07-09,2025-07-11,486.0,464.0,0.0,2,0.955
D00662,SKU002,Ashanti,2025-10-04,2025-10-07,781.0,761.0,3.0,3,0.974
D00271,SKU007,Northern,2025-04-05,2025-04-06,191.0,190.0,1.0,1,0.995
D00421,SKU001,Volta,2025-06-09,2025-06-12,413.0,412.0,0.0,3,0.998
D01000,SKU004,Volta,2026-02-01,2026-02-04,218.0,207.0,2.0,3,0.95
D00659,SKU011,Greater Accra,2025-10-06,2025-10-10,426.0,407.0,1.0,4,0.955
D01326,SKU006,Western,2026-07-02,2026-07-04,357.0,354.0,0.0,2,0.992
D00736,SKU004,Ashanti,2025-11-09,2025-11-11,456.0,443.0,1.0,2,0.971
D00787,SKU007,Volta,2025-11-05,2025-11-08,210.0,204.0,2.0,3,0.971
D01407,SKU003,Eastern,2026-08-06,2026-08-08,172.0,168.0,0.0,2,0.977
D00578,SKU002,Greater Accra,2025-09-09,2025-09-10,479.0,476.0,1.0,1,0.994
D01346,SKU002,Northern,2026-07-09,2026-07-11,197.0,196.0,2.0,2,0.995
D01457,SKU005,Ashanti,2026-09-01,2026-09-04,425.0,417.0,1.0,3,0.981
D00830,SKU002,Eastern,2025-12-04,2025-12-07,282.0,281.0,3.0,3,0.996
D01391,SKU011,Ashanti,2026-08-05,2026-08-07,554.0,539.0,0.0,2,0.973
D00128,SKU008,Northern,2025-02-07,2025-02-10,136.0,132.0,0.0,3,0.971
D01086,SKU006,Greater Accra,2026-04-09,2026-04-11,413.0,398.0,0.0,2,0.964
D00003,SKU003,Greater Accra,2025-01-09,2025-01-10,315.0,304.0,0.0,1,0.965
D00490,SKU010,Northern,2025-07-01,2025-07-03,229.0,222.0,0.0,2,0.969
D00280,SKU004,Volta,2025-04-04,2025-04-07,237.0,233.0,1.0,3,0.983
D01132,SKU004,Northern,2026-04-08,2026-04-10,232.0,225.0,0.0,2,0.97
D00503,SKU011,Volta,2025-07-05,2025-07-08,135.0,134.0,1.0,3,0.993
D00207,SKU003,Volta,2025-03-02,2025-03-04,115.0,114.0,0.0,2,0.991
D00605,SKU005,Western,2025-09-01,2025-09-04,346.0,339.0,0.0,3,0.98
D00800,SKU008,Greater Accra,2025-12-08,2025-12-11,742.0,737.0,0.0,3,0.993
D01091,SKU011,Greater Accra,2026-04-02,2026-04-03,359.0,354.0,0.0,1,0.986
D01163,SKU011,Greater Accra,2026-05-02,2026-05-03,638.0,607.0,2.0,1,0.951
D00616,SKU004,Eastern,2025-09-06,2025-09-08,229.0,225.0,2.0,2,0.983
D00519,SKU003,Ashanti,2025-08-06,2025-08-08,423.0,416.0,0.0,2,0.983
D00425,SKU005,Volta,2025-06-07,2025-06-08,185.0,182.0,1.0,1,0.984
D00257,SKU005,Eastern,2025-04-08,2025-04-09,392.0,386.0,,1,0.985
D01078,SKU010,Volta,2026-03-02,2026-03-05,182.0,173.0,0.0,3,0.951
D00262,SKU010,Eastern,2025-04-03,2025-04-08,214.0,208.0,1.0,5,0.972
D00676,SKU004,Western,2025-10-06,2025-10-08,183.0,179.0,0.0,2,0.978
D01371,SKU003,Greater Accra,2026-08-09,2026-08-10,543.0,530.0,,1,0.976
D00320,SKU008,Western,2025-05-04,2025-05-08,294.0,280.0,0.0,4,0.952
D00691,SKU007,Eastern,2025-10-01,2025-10-03,239.0,233.0,1.0,2,0.975
D00660,SKU012,Greater Accra,2025-10-05,2025-10-07,509.0,500.0,2.0,2,0.982
D00162,SKU006,Ashanti,2025-03-08,2025-03-10,526.0,515.0,1.0,2,0.979
D00513,SKU009,Greater Accra,2025-08-03,2025-08-07,260.0,259.0,0.0,4,0.996
D00484,SKU004,Northern,2025-07-09,2025-07-11,136.0,135.0,0.0,2,0.993
D00850,SKU010,Northern,2025-12-01,2025-12-03,241.0,229.0,1.0,2,0.95
D01379,SKU011,Greater Accra,2026-08-03,2026-08-07,653.0,630.0,1.0,4,0.965
D01512,SKU012,Volta,2026-09-03,2026-09-05,275.0,273.0,0.0,2,0.993
D00477,SKU009,Eastern,2025-07-02,2025-07-04,408.0,401.0,0.0,2,0.983
D01427,SKU011,Northern,2026-08-01,2026-08-04,187.0,186.0,0.0,3,0.995
D00456,SKU012,Ashanti,2025-07-03,2025-07-06,331.0,329.0,1.0,3,0.994
D00022,SKU010,Ashanti,2025-01-03,2025-01-06,412.0,393.0,0.0,3,0.954
D00535,SKU007,Western,2025-08-07,2025-08-10,99.0,95.0,0.0,3,0.96
D00567,SKU003,Volta,2025-08-09,2025-08-13,187.0,,0.0,4,
D00167,SKU011,Ashanti,2025-03-03,2025-03-06,277.0,264.0,1.0,3,0.953
D00116,SKU008,Eastern,2025-02-01,2025-02-03,130.0,127.0,1.0,2,0.977
D01148,SKU008,Volta,2026-04-05,2026-04-08,177.0,171.0,1.0,3,0.966
D01383,SKU003,Ashanti,2026-08-01,2026-08-12,559.0,368.0,11.0,11,0.658
D00988,SKU004,Northern,2026-02-07,2026-02-09,181.0,180.0,1.0,2,0.994
D01205,SKU005,Northern,2026-05-07,2026-05-08,133.0,128.0,0.0,1,0.962
D00631,SKU007,Northern,2025-09-09,2025-09-10,158.0,154.0,1.0,1,0.975
D01307,SKU011,Greater Accra,2026-07-02,2026-07-05,604.0,,0.0,3,
D00301,SKU001,Ashanti,2025-05-08,2025-05-10,532.0,520.0,3.0,2,0.977
D00100,SKU004,Western,2025-02-07,2025-02-10,151.0,147.0,1.0,3,0.974
D00431,SKU011,Volta,2025-06-08,2025-06-10,134.0,133.0,1.0,2,0.993
D00129,SKU009,Northern,2025-02-06,2025-02-08,108.0,107.0,0.0,2,0.991
D01220,SKU008,Volta,2026-05-01,2026-05-02,186.0,185.0,0.0,1,0.995
D00153,SKU009,Greater Accra,2025-03-09,2025-03-12,199.0,191.0,0.0,3,0.96
D00252,SKU012,Western,2025-04-09,2025-04-10,343.0,327.0,0.0,1,0.953
D00174,SKU006,Western,2025-03-08,2025-03-09,210.0,204.0,0.0,1,0.971
D01001,SKU005,Volta,2026-02-04,2026-02-06,187.0,182.0,0.0,2,0.973
D00983,SKU011,Eastern,2026-02-07,2026-02-11,400.0,392.0,,4,0.98
D01251,SKU003,Western,2026-06-02,2026-06-03,457.0,452.0,1.0,1,0.989
D00875,SKU011,Greater Accra,2026-01-06,2026-01-09,444.0,434.0,0.0,3,0.977
D00369,SKU009,Greater Accra,2025-06-08,2025-06-10,292.0,279.0,0.0,2,0.955
D00136,SKU004,Volta,2025-02-03,2025-02-06,148.0,144.0,0.0,3,0.973
D00370,SKU010,Greater Accra,2025-06-08,2025-06-10,385.0,383.0,1.0,2,0.995
D00155,SKU011,Greater Accra,2025-03-05,2025-03-06,452.0,447.0,0.0,1,0.989
D01101,SKU009,Ashanti,2026-04-09,2026-04-12,345.0,339.0,2.0,3,0.983
D00789,SKU009,Volta,2025-11-09,2025-11-12,131.0,130.0,0.0,3,0.992
D00306,SKU006,Ashanti,2025-05-08,2025-05-12,372.0,355.0,1.0,4,0.954
D00597,SKU009,Ashanti,2025-09-04,2025-09-06,366.0,365.0,,2,0.997
D01065,SKU009,Northern,2026-03-05,2026-03-06,252.0,247.0,0.0,1,0.98
D00420,SKU012,Northern,2025-06-08,2025-06-10,114.0,109.0,0.0,2,0.956
D00766,SKU010,Eastern,2025-11-02,2025-11-05,362.0,361.0,1.0,3,0.997
D01389,SKU009,Ashanti,2026-08-04,2026-08-05,171.0,166.0,1.0,1,0.971
D00247,SKU007,Western,2025-04-07,2025-04-10,285.0,272.0,0.0,3,0.954
D01303,SKU007,Greater Accra,2026-07-09,2026-07-12,571.0,543.0,0.0,3,0.951
D00314,SKU002,Western,2025-05-07,2025-05-10,370.0,354.0,0.0,3,0.957
D01125,SKU009,Eastern,2026-04-05,2026-04-06,270.0,264.0,1.0,1,0.978
D01041,SKU009,Western,2026-03-08,2026-03-11,171.0,,0.0,3,
D01290,SKU006,Volta,2026-06-04,2026-06-08,159.0,156.0,1.0,4,0.981
D00666,SKU006,Ashanti,2025-10-03,2025-10-05,498.0,478.0,1.0,2,0.96
D01225,SKU001,Greater Accra,2026-06-07,2026-06-08,988.0,940.0,1.0,1,0.951
D00661,SKU001,Ashanti,2025-10-09,2025-10-12,739.0,719.0,0.0,3,0.973
D00719,SKU011,Volta,2025-10-07,2025-10-10,53.0,52.0,0.0,3,0.981
D00940,SKU004,Greater Accra,2026-02-02,2026-02-05,423.0,421.0,0.0,3,0.995
D00142,SKU010,Volta,2025-02-01,2025-02-03,108.0,103.0,3.0,2,0.954
D01142,SKU002,Volta,2026-04-05,2026-04-08,291.0,287.0,2.0,3,0.986
D00858,SKU006,Volta,2025-12-02,2025-12-05,442.0,435.0,2.0,3,0.984
D00728,SKU008,Greater Accra,2025-11-08,2025-11-10,676.0,673.0,2.0,2,0.996
D00610,SKU010,Western,2025-09-02,2025-09-04,347.0,343.0,0.0,2,0.988
D00113,SKU005,Eastern,2025-02-01,2025-02-04,408.0,389.0,1.0,3,0.953
D01381,SKU001,Ashanti,2026-08-01,2026-08-07,707.0,419.0,14.0,6,0.593
D01092,SKU012,Greater Accra,2026-04-05,2026-04-06,635.0,617.0,1.0,1,0.972
D00546,SKU006,Eastern,2025-08-04,2025-08-05,271.0,260.0,1.0,1,0.959
D01267,SKU007,Eastern,2026-06-04,2026-06-05,140.0,135.0,0.0,1,0.964
D01298,SKU002,Greater Accra,2026-07-08,2026-07-10,413.0,393.0,1.0,2,0.952
D01281,SKU009,Northern,2026-06-04,2026-06-05,71.0,68.0,0.0,1,0.958
D01024,SKU004,Ashanti,2026-03-06,2026-03-08,654.0,646.0,,2,0.988
D00739,SKU007,Ashanti,2025-11-02,2025-11-05,706.0,673.0,0.0,3,0.953
D00060,SKU012,Northern,2025-01-08,2025-01-09,131.0,126.0,0.0,1,0.962
D00335,SKU011,Eastern,2025-05-09,2025-05-10,241.0,240.0,2.0,1,0.996
D00329,SKU005,Eastern,2025-05-06,2025-05-09,242.0,232.0,2.0,3,0.959
D00675,SKU003,Western,2025-10-05,2025-10-08,441.0,437.0,2.0,3,0.991
D01269,SKU009,Eastern,2026-06-01,2026-06-04,274.0,260.0,2.0,3,0.949
D01042,SKU010,Western,2026-03-05,2026-03-08,404.0,400.0,1.0,3,0.99
D01491,SKU003,Northern,2026-09-06,2026-09-08,243.0,242.0,0.0,2,0.996
D00729,SKU009,Greater Accra,2025-11-01,2025-11-03,360.0,348.0,,2,0.967
D00353,SKU005,Volta,2025-05-02,2025-05-04,180.0,171.0,2.0,2,0.95
D00222,SKU006,Greater Accra,2025-04-08,2025-04-12,633.0,604.0,2.0,4,0.954
D00119,SKU011,Eastern,2025-02-06,2025-02-09,183.0,181.0,1.0,3,0.989
D00968,SKU008,Western,2026-02-09,2026-02-10,285.0,281.0,0.0,1,0.986
D00609,SKU009,Western,2025-09-08,2025-09-10,282.0,268.0,0.0,2,0.95
D01190,SKU002,Eastern,2026-05-07,2026-05-10,698.0,689.0,0.0,3,0.987
D00005,SKU005,Greater Accra,2025-01-02,2025-01-04,219.0,212.0,1.0,2,0.968
D00171,SKU003,Western,2025-03-08,2025-03-13,329.0,316.0,0.0,5,0.96
D01182,SKU006,Western,2026-05-03,2026-05-06,376.0,368.0,1.0,3,0.979
D00805,SKU001,Ashanti,2025-12-05,2025-12-09,825.0,813.0,0.0,4,0.985
D00820,SKU004,Western,2025-12-04,2025-12-07,299.0,292.0,2.0,3,0.977
D00046,SKU010,Eastern,2025-01-04,2025-01-06,115.0,113.0,2.0,2,0.983
D00733,SKU001,Ashanti,2025-11-07,2025-11-10,539.0,524.0,1.0,3,0.972
D00834,SKU006,Eastern,2025-12-02,2025-12-04,529.0,528.0,0.0,2,0.998
D00350,SKU002,Volta,2025-05-08,2025-05-11,229.0,227.0,0.0,3,0.991
D01137,SKU009,Northern,2026-04-09,2026-04-12,73.0,70.0,2.0,3,0.959
D00253,SKU001,Eastern,2025-04-01,2025-04-02,547.0,522.0,1.0,1,0.954
D00009,SKU009,Greater Accra,2025-01-01,2025-01-04,200.0,193.0,0.0,3,0.965
D00815,SKU011,Ashanti,2025-12-01,2025-12-06,830.0,792.0,2.0,5,0.954
D00668,SKU008,Ashanti,2025-10-06,2025-10-09,237.0,225.0,0.0,3,0.949
D01204,SKU004,Northern,2026-05-09,2026-05-12,97.0,95.0,0.0,3,0.979
D00219,SKU003,Greater Accra,2025-04-04,2025-04-05,506.0,484.0,2.0,1,0.957
D00246,SKU006,Western,2025-04-04,2025-04-06,322.0,313.0,0.0,2,0.972
D00891,SKU003,Western,2026-01-09,2026-01-13,281.0,278.0,1.0,4,0.989
D01056,SKU012,Eastern,2026-03-04,2026-03-06,441.0,437.0,0.0,2,0.991
D00245,SKU005,Western,2025-04-06,2025-04-08,445.0,437.0,0.0,2,0.982
D01164,SKU012,Greater Accra,2026-05-09,2026-05-14,581.0,555.0,0.0,5,0.955
D00212,SKU008,Volta,2025-03-07,2025-03-11,192.0,187.0,1.0,4,0.974
D01118,SKU002,Eastern,2026-04-06,2026-04-09,507.0,494.0,1.0,3,0.974
D00302,SKU002,Ashanti,2025-05-08,2025-05-10,571.0,560.0,0.0,2,0.981
D00512,SKU008,Greater Accra,2025-08-07,2025-08-10,567.0,542.0,0.0,3,0.956
D01297,SKU001,Greater Accra,2026-07-07,2026-07-11,1003.0,989.0,0.0,4,0.986
D01011,SKU003,Greater Accra,2026-03-04,2026-03-06,652.0,626.0,0.0,2,0.96
D00300,SKU012,Greater Accra,2025-05-03,2025-05-06,510.0,496.0,0.0,3,0.973
D00961,SKU001,Western,2026-02-03,2026-02-05,496.0,481.0,0.0,2,0.97
D00225,SKU009,Greater Accra,2025-04-02,2025-04-05,246.0,240.0,0.0,3,0.976
D00147,SKU003,Greater Accra,2025-03-06,2025-03-09,586.0,582.0,3.0,3,0.993
D00539,SKU011,Western,2025-08-02,2025-08-05,455.0,436.0,2.0,3,0.958
D00969,SKU009,Western,2026-02-03,2026-02-06,353.0,344.0,3.0,3,0.975
D00695,SKU011,Eastern,2025-10-07,2025-10-09,187.0,184.0,1.0,2,0.984
D00617,SKU005,Eastern,2025-09-09,2025-09-12,458.0,440.0,3.0,3,0.961
D00276,SKU012,Northern,2025-04-08,2025-04-10,231.0,,1.0,2,
D01160,SKU008,Greater Accra,2026-05-09,2026-05-12,537.0,519.0,0.0,3,0.966
D00794,SKU002,Greater Accra,2025-12-01,2025-12-06,741.0,729.0,0.0,5,0.984
D00313,SKU001,Western,2025-05-01,2025-05-04,685.0,653.0,1.0,3,0.953
D00051,SKU003,Northern,2025-01-02,2025-01-05,360.0,358.0,0.0,3,0.994
D01430,SKU002,Volta,2026-08-01,2026-08-03,331.0,320.0,1.0,2,0.967
D00286,SKU010,Volta,2025-04-03,2025-04-06,169.0,168.0,1.0,3,0.994
D00886,SKU010,Ashanti,2026-01-08,2026-01-10,441.0,433.0,0.0,2,0.982
D00994,SKU010,Northern,2026-02-08,2026-02-11,117.0,116.0,0.0,3,0.991
D01250,SKU002,Western,2026-06-01,2026-06-05,196.0,195.0,1.0,4,0.995
D00709,SKU001,Volta,2025-10-05,2025-10-07,372.0,369.0,1.0,2,0.992
D00904,SKU004,Eastern,2026-01-03,2026-01-04,320.0,317.0,1.0,1,0.991
D01471,SKU007,Western,2026-09-06,2026-09-08,299.0,288.0,1.0,2,0.963
D00403,SKU007,Eastern,2025-06-09,2025-06-13,235.0,234.0,0.0,4,0.996
D00442,SKU010,Greater Accra,2025-07-08,2025-07-09,515.0,498.0,1.0,1,0.967
D00910,SKU010,Eastern,2026-01-08,2026-01-10,178.0,174.0,0.0,2,0.978
D00180,SKU012,Western,2025-03-06,2025-03-10,353.0,340.0,1.0,4,0.963
D01117,SKU001,Eastern,2026-04-07,2026-04-09,600.0,577.0,0.0,2,0.962
D01022,SKU002,Ashanti,2026-03-06,2026-03-08,648.0,619.0,3.0,2,0.955
D00780,SKU012,Northern,2025-11-03,2025-11-06,155.0,153.0,1.0,3,0.987
D00047,SKU011,Eastern,2025-01-04,2025-01-08,352.0,340.0,2.0,4,0.966
D00856,SKU004,Volta,2025-12-01,2025-12-03,132.0,127.0,0.0,2,0.962
D01108,SKU004,Western,2026-04-01,2026-04-02,348.0,332.0,0.0,1,0.954
D00458,SKU002,Western,2025-07-07,2025-07-11,292.0,290.0,0.0,4,0.993
D00816,SKU012,Ashanti,2025-12-08,2025-12-11,655.0,634.0,2.0,3,0.968
D00418,SKU010,Northern,2025-06-08,2025-06-10,137.0,134.0,1.0,2,0.978
D00837,SKU009,Eastern,2025-12-05,2025-12-09,550.0,549.0,0.0,4,0.998
D00441,SKU009,Greater Accra,2025-07-04,2025-07-06,567.0,558.0,1.0,2,0.984
D00216,SKU012,Volta,2025-03-04,2025-03-06,141.0,134.0,0.0,2,0.95
D01447,SKU007,Greater Accra,2026-09-02,2026-09-05,499.0,481.0,1.0,3,0.964
D00880,SKU004,Ashanti,2026-01-04,2026-01-09,380.0,364.0,0.0,5,0.958
D01432,SKU004,Volta,2026-08-01,2026-08-02,231.0,230.0,1.0,1,0.996
D01286,SKU002,Volta,2026-06-01,2026-06-03,193.0,183.0,1.0,2,0.948
D00018,SKU006,Ashanti,2025-01-08,2025-01-09,268.0,267.0,0.0,1,0.996
D00026,SKU002,Western,2025-01-04,2025-01-06,184.0,177.0,1.0,2,0.962
D00371,SKU011,Greater Accra,2025-06-02,2025-06-05,407.0,386.0,1.0,3,0.948
D01237,SKU001,Ashanti,2026-06-08,2026-06-11,745.0,737.0,0.0,3,0.989
D00380,SKU008,Ashanti,2025-06-05,2025-06-09,415.0,413.0,0.0,4,0.995
D00699,SKU003,Northern,2025-10-01,2025-10-02,207.0,205.0,0.0,1,0.99
D00643,SKU007,Volta,2025-09-06,2025-09-07,93.0,89.0,0.0,1,0.957
D01260,SKU012,Western,2026-06-05,2026-06-06,346.0,336.0,2.0,1,0.971
D01268,SKU008,Eastern,2026-06-01,2026-06-02,636.0,627.0,0.0,1,0.986
D01302,SKU006,Greater Accra,2026-07-09,2026-07-12,371.0,360.0,0.0,3,0.97
D00348,SKU012,Northern,2025-05-09,2025-05-11,205.0,197.0,1.0,2,0.961
D00835,SKU007,Eastern,2025-12-08,2025-12-12,352.0,345.0,0.0,4,0.98
D01450,SKU010,Greater Accra,2026-09-01,2026-09-04,614.0,598.0,1.0,3,0.974
D01007,SKU011,Volta,2026-02-01,2026-02-03,115.0,113.0,1.0,2,0.983
D01178,SKU002,Western,2026-05-07,2026-05-11,457.0,440.0,2.0,4,0.963
D00466,SKU010,Western,2025-07-03,2025-07-05,281.0,278.0,2.0,2,0.989
D01406,SKU002,Eastern,2026-08-01,2026-08-03,424.0,407.0,0.0,2,0.96
D00460,SKU004,Western,2025-07-05,2025-07-06,239.0,237.0,0.0,1,0.992
D01296,SKU012,Volta,2026-06-07,2026-06-09,192.0,185.0,1.0,2,0.964
D00602,SKU002,Western,2025-09-08,2025-09-10,344.0,,1.0,2,
D00998,SKU002,Volta,2026-02-03,2026-02-05,290.0,278.0,0.0,2,0.959
D01209,SKU009,Northern,2026-05-02,2026-05-04,85.0,84.0,0.0,2,0.988
D01184,SKU008,Western,2026-05-08,2026-05-10,269.0,268.0,0.0,2,0.996
D01165,SKU001,Ashanti,2026-05-02,2026-05-04,1105.0,1081.0,0.0,2,0.978
D00462,SKU006,Western,2025-07-03,2025-07-06,211.0,207.0,1.0,3,0.981
D00031,SKU007,Western,2025-01-01,2025-01-03,285.0,271.0,0.0,2,0.951
D01342,SKU010,Eastern,2026-07-02,2026-07-05,300.0,288.0,,3,0.96
D01369,SKU001,Greater Accra,2026-08-08,2026-08-11,696.0,663.0,0.0,3,0.953
D01181,SKU005,Western,2026-05-03,2026-05-04,205.0,200.0,1.0,1,0.976
D01386,SKU006,Ashanti,2026-08-03,2026-08-05,463.0,454.0,1.0,2,0.981
D01097,SKU005,Ashanti,2026-04-09,2026-04-11,401.0,385.0,0.0,2,0.96
D00670,SKU010,Ashanti,2025-10-02,2025-10-04,467.0,459.0,1.0,2,0.983
D01126,SKU010,Eastern,2026-04-04,2026-04-05,266.0,265.0,0.0,1,0.996
D01424,SKU008,Northern,2026-08-08,2026-08-10,122.0,118.0,0.0,2,0.967
D01452,SKU012,Greater Accra,2026-09-09,2026-09-12,447.0,429.0,0.0,3,0.96
D00935,SKU011,Volta,2026-01-08,2026-01-12,150.0,143.0,1.0,4,0.953
D00237,SKU009,Ashanti,2025-04-04,2025-04-08,264.0,,1.0,4,
D01053,SKU009,Eastern,2026-03-08,2026-03-12,152.0,148.0,0.0,4,0.974
D00869,SKU005,Greater Accra,2026-01-05,2026-01-07,501.0,485.0,1.0,2,0.968
D00583,SKU007,Greater Accra,2025-09-08,2025-09-11,341.0,333.0,1.0,3,0.977
D01404,SKU012,Western,2026-08-04,2026-08-07,199.0,198.0,0.0,3,0.995
D00854,SKU002,Volta,2025-12-02,2025-12-04,400.0,393.0,1.0,2,0.982
D01077,SKU009,Volta,2026-03-08,2026-03-11,73.0,70.0,0.0,3,0.959
D00332,SKU008,Eastern,2025-05-08,2025-05-11,182.0,174.0,0.0,3,0.956
D00483,SKU003,Northern,2025-07-03,2025-07-06,300.0,293.0,0.0,3,0.977
D00956,SKU008,Ashanti,2026-02-09,2026-02-13,410.0,391.0,0.0,4,0.954
D01214,SKU002,Volta,2026-05-03,2026-05-07,449.0,427.0,0.0,4,0.951
D00693,SKU009,Eastern,2025-10-08,2025-10-10,409.0,402.0,0.0,2,0.983
D01138,SKU010,Northern,2026-04-07,2026-04-09,53.0,50.0,0.0,2,0.943
D01076,SKU008,Volta,2026-03-05,2026-03-06,334.0,318.0,2.0,1,0.952
D01253,SKU005,Western,2026-06-04,2026-06-06,678.0,664.0,0.0,2,0.979
D01067,SKU011,Northern,2026-03-04,2026-03-07,240.0,233.0,1.0,3,0.971
D01021,SKU001,Ashanti,2026-03-03,2026-03-05,780.0,771.0,0.0,2,0.988
D00516,SKU012,Greater Accra,2025-08-07,2025-08-10,363.0,353.0,0.0,3,0.972
D01146,SKU006,Volta,2026-04-03,2026-04-06,112.0,109.0,0.0,3,0.973
D01336,SKU004,Eastern,2026-07-07,2026-07-09,248.0,236.0,2.0,2,0.952
D00190,SKU010,Eastern,2025-03-09,2025-03-12,241.0,235.0,0.0,3,0.975
D00203,SKU011,Northern,2025-03-01,2025-03-03,88.0,83.0,1.0,2,0.943
D01420,SKU004,Northern,2026-08-06,2026-08-08,228.0,218.0,2.0,2,0.956
D01376,SKU008,Greater Accra,2026-08-05,2026-08-08,733.0,696.0,0.0,3,0.95
D00568,SKU004,Volta,2025-08-07,2025-08-11,198.0,194.0,0.0,4,0.98
D00708,SKU012,Northern,2025-10-04,2025-10-08,278.0,269.0,2.0,4,0.968
D00075,SKU003,Greater Accra,2025-02-02,2025-02-03,424.0,419.0,0.0,1,0.988
D01263,SKU003,Eastern,2026-06-01,2026-06-04,262.0,253.0,1.0,3,0.966
D00043,SKU007,Eastern,2025-01-08,2025-01-11,213.0,,1.0,3,
D00864,SKU012,Volta,2025-12-03,2025-12-05,158.0,157.0,1.0,2,0.994
D00888,SKU012,Ashanti,2026-01-08,2026-01-11,541.0,520.0,0.0,3,0.961
D00683,SKU011,Western,2025-10-04,2025-10-06,212.0,203.0,0.0,2,0.958
D00324,SKU012,Western,2025-05-05,2025-05-06,516.0,491.0,1.0,1,0.952
D00399,SKU003,Eastern,2025-06-09,2025-06-10,134.0,133.0,0.0,1,0.993
D00368,SKU008,Greater Accra,2025-06-05,2025-06-08,639.0,608.0,1.0,3,0.951
D01293,SKU009,Volta,2026-06-02,2026-06-03,32.0,31.0,1.0,1,0.969
D00906,SKU006,Eastern,2026-01-04,2026-01-06,195.0,187.0,0.0,2,0.959
D01505,SKU005,Volta,2026-09-06,2026-09-08,73.0,71.0,1.0,2,0.973
D00106,SKU010,Western,2025-02-05,2025-02-07,207.0,201.0,2.0,2,0.971
D00813,SKU009,Ashanti,2025-12-04,2025-12-07,406.0,405.0,0.0,3,0.998
D01316,SKU008,Ashanti,2026-07-08,2026-07-10,473.0,464.0,0.0,2,0.981
D00540,SKU012,Western,2025-08-01,2025-08-03,246.0,233.0,1.0,2,0.947
D00288,SKU012,Volta,2025-04-06,2025-04-09,229.0,228.0,3.0,3,0.996
D00963,SKU003,Western,2026-02-07,2026-02-11,320.0,311.0,0.0,4,0.972
D01257,SKU009,Western,2026-06-01,2026-06-03,248.0,245.0,0.0,2,0.988
D00606,SKU006,Western,2025-09-01,2025-09-04,252.0,243.0,1.0,3,0.964
D01075,SKU007,Volta,2026-03-06,2026-03-10,199.0,197.0,0.0,4,0.99
D00230,SKU002,Ashanti,2025-04-08,2025-04-13,662.0,657.0,0.0,5,0.992
D00569,SKU005,Volta,2025-08-07,2025-08-10,93.0,89.0,1.0,3,0.957
D00322,SKU010,Western,2025-05-08,2025-05-09,341.0,336.0,0.0,1,0.985
D00391,SKU007,Western,2025-06-07,2025-06-08,318.0,303.0,2.0,1,0.953
D00574,SKU010,Volta,2025-08-04,2025-08-07,207.0,197.0,0.0,3,0.952
D00091,SKU007,Ashanti,2025-02-04,2025-02-07,554.0,531.0,2.0,3,0.958
D00920,SKU008,Northern,2026-01-01,2026-01-03,184.0,182.0,0.0,2,0.989
D00559,SKU007,Northern,2025-08-08,2025-08-11,174.0,173.0,1.0,3,0.994
D00078,SKU006,Greater Accra,2025-02-03,2025-02-06,224.0,215.0,1.0,3,0.96
D00364,SKU004,Greater Accra,2025-06-04,2025-06-05,354.0,353.0,0.0,1,0.997
D00084,SKU012,Greater Accra,2025-02-03,2025-02-06,442.0,437.0,1.0,3,0.989
D00126,SKU006,Northern,2025-02-05,2025-02-08,164.0,162.0,0.0,3,0.988
D00725,SKU005,Greater Accra,2025-11-09,2025-11-11,465.0,452.0,1.0,2,0.972
D00630,SKU006,Northern,2025-09-03,2025-09-04,190.0,186.0,0.0,1,0.979
D00080,SKU008,Greater Accra,2025-02-06,2025-02-10,578.0,556.0,0.0,4,0.962
D00976,SKU004,Eastern,2026-02-05,2026-02-07,264.0,251.0,0.0,2,0.951
D00853,SKU001,Volta,2025-12-01,2025-12-03,310.0,306.0,0.0,2,0.987
D01414,SKU010,Eastern,2026-08-07,2026-08-08,537.0,512.0,1.0,1,0.953
D00365,SKU005,Greater Accra,2025-06-07,2025-06-10,588.0,587.0,1.0,3,0.998
D01498,SKU010,Northern,2026-09-07,2026-09-09,262.0,252.0,0.0,2,0.962
D00526,SKU010,Ashanti,2025-08-01,2025-08-05,374.0,356.0,0.0,4,0.952
D00307,SKU007,Ashanti,2025-05-06,2025-05-08,307.0,292.0,2.0,2,0.951
D00464,SKU008,Western,2025-07-09,2025-07-11,308.0,293.0,1.0,2,0.951
D00215,SKU011,Volta,2025-03-07,2025-03-09,99.0,97.0,0.0,2,0.98
D01361,SKU005,Volta,2026-07-09,2026-07-10,138.0,137.0,0.0,1,0.993
D00671,SKU011,Ashanti,2025-10-05,2025-10-07,413.0,397.0,1.0,2,0.961
D00282,SKU006,Volta,2025-04-04,2025-04-08,208.0,205.0,1.0,4,0.986
D00831,SKU003,Eastern,2025-12-03,2025-12-07,404.0,403.0,0.0,4,0.998
D00419,SKU011,Northern,2025-06-04,2025-06-07,298.0,286.0,1.0,3,0.96
D01171,SKU007,Ashanti,2026-05-01,2026-05-05,328.0,324.0,1.0,4,0.988
D00931,SKU007,Volta,2026-01-04,2026-01-05,163.0,154.0,3.0,1,0.945
D01070,SKU002,Volta,2026-03-09,2026-03-10,90.0,88.0,1.0,1,0.978
D01202,SKU002,Northern,2026-05-08,2026-05-12,200.0,194.0,1.0,4,0.97
D01216,SKU004,Volta,2026-05-06,2026-05-10,80.0,77.0,0.0,4,0.962
D00795,SKU003,Greater Accra,2025-12-06,2025-12-09,480.0,474.0,1.0,3,0.988
D01461,SKU009,Ashanti,2026-09-01,2026-09-04,334.0,318.0,1.0,3,0.952
D00019,SKU007,Ashanti,2025-01-02,2025-01-04,374.0,373.0,0.0,2,0.997
D01301,SKU005,Greater Accra,2026-07-05,2026-07-07,682.0,666.0,0.0,2,0.977
D00311,SKU011,Ashanti,2025-05-02,2025-05-06,441.0,433.0,0.0,4,0.982
D00655,SKU007,Greater Accra,2025-10-09,2025-10-12,221.0,214.0,0.0,3,0.968
D00524,SKU008,Ashanti,2025-08-07,2025-08-09,641.0,610.0,0.0,2,0.952
D00908,SKU008,Eastern,2026-01-07,2026-01-10,321.0,318.0,0.0,3,0.991
D00582,SKU006,Greater Accra,2025-09-04,2025-09-06,491.0,476.0,0.0,2,0.969
D00965,SKU005,Western,2026-02-08,2026-02-11,384.0,365.0,1.0,3,0.951
D01133,SKU005,Northern,2026-04-05,2026-04-06,115.0,109.0,2.0,1,0.948
D01180,SKU004,Western,2026-05-04,2026-05-07,244.0,239.0,1.0,3,0.98
D00991,SKU007,Northern,2026-02-02,2026-02-06,117.0,115.0,0.0,4,0.983
D01354,SKU010,Northern,2026-07-06,2026-07-09,196.0,188.0,1.0,3,0.959
D00775,SKU007,Northern,2025-11-04,2025-11-05,68.0,67.0,1.0,1,0.985
D00892,SKU004,Western,2026-01-07,2026-01-10,180.0,171.0,2.0,3,0.95
D00832,SKU004,Eastern,2025-12-02,2025-12-04,287.0,276.0,0.0,2,0.962
D01287,SKU003,Volta,2026-06-02,2026-06-04,214.0,207.0,1.0,2,0.967
D01436,SKU008,Volta,2026-08-01,2026-08-04,214.0,207.0,1.0,3,0.967
D00037,SKU001,Eastern,2025-01-02,2025-01-04,256.0,250.0,1.0,2,0.977
D00581,SKU005,Greater Accra,2025-09-04,2025-09-05,564.0,555.0,2.0,1,0.984
D00776,SKU008,Northern,2025-11-05,2025-11-07,208.0,206.0,0.0,2,0.99
D00756,SKU012,Western,2025-11-03,2025-11-05,436.0,435.0,0.0,2,0.998
D00868,SKU004,Greater Accra,2026-01-06,2026-01-08,483.0,473.0,0.0,2,0.979
D00263,SKU011,Eastern,2025-04-08,2025-04-09,505.0,,0.0,1,
D00803,SKU011,Greater Accra,2025-12-05,2025-12-06,556.0,545.0,0.0,1,0.98
D00074,SKU002,Greater Accra,2025-02-03,2025-02-05,444.0,430.0,2.0,2,0.968
D00767,SKU011,Eastern,2025-11-01,2025-11-03,106.0,104.0,0.0,2,0.981
D01179,SKU003,Western,2026-05-01,2026-05-05,213.0,209.0,0.0,4,0.981
D01231,SKU007,Greater Accra,2026-06-06,2026-06-08,453.0,437.0,1.0,2,0.965
D00817,SKU001,Western,2025-12-05,2025-12-09,912.0,878.0,1.0,4,0.963
D00999,SKU003,Volta,2026-02-04,2026-02-09,211.0,203.0,1.0,5,0.962
D00680,SKU008,Western,2025-10-02,2025-10-04,367.0,353.0,0.0,2,0.962
D00741,SKU009,Ashanti,2025-11-04,2025-11-05,148.0,147.0,2.0,1,0.993
D00752,SKU008,Western,2025-11-04,2025-11-07,310.0,302.0,1.0,3,0.974
D00341,SKU005,Northern,2025-05-09,2025-05-12,53.0,50.0,1.0,3,0.943
D00063,SKU003,Volta,2025-01-09,2025-01-11,95.0,94.0,1.0,2,0.989
D00586,SKU010,Greater Accra,2025-09-01,2025-09-04,478.0,473.0,2.0,3,0.99
D00890,SKU002,Western,2026-01-09,2026-01-11,459.0,437.0,0.0,2,0.952
D01169,SKU005,Ashanti,2026-05-08,2026-05-10,527.0,506.0,0.0,2,0.96
D00985,SKU001,Northern,2026-02-01,2026-02-03,501.0,477.0,2.0,2,0.952
D00079,SKU007,Greater Accra,2025-02-07,2025-02-09,234.0,231.0,2.0,2,0.987
D01049,SKU005,Eastern,2026-03-08,2026-03-11,254.0,241.0,0.0,3,0.949
D01274,SKU002,Northern,2026-06-07,2026-06-08,119.0,118.0,0.0,1,0.992
D00485,SKU005,Northern,2025-07-08,2025-07-10,168.0,164.0,0.0,2,0.976
D01241,SKU005,Ashanti,2026-06-05,2026-06-08,505.0,504.0,0.0,3,0.998
D00194,SKU002,Northern,2025-03-07,2025-03-11,276.0,263.0,0.0,4,0.953
D00717,SKU009,Volta,2025-10-02,2025-10-06,191.0,183.0,1.0,4,0.958
D01031,SKU011,Ashanti,2026-03-01,2026-03-05,308.0,303.0,0.0,4,0.984
D00518,SKU002,Ashanti,2025-08-02,2025-08-05,472.0,462.0,0.0,3,0.979
D00876,SKU012,Greater Accra,2026-01-08,2026-01-11,400.0,384.0,1.0,3,0.96
D00905,SKU005,Eastern,2026-01-03,2026-01-05,218.0,208.0,0.0,2,0.954
D00702,SKU006,Northern,2025-10-04,2025-10-07,140.0,139.0,1.0,3,0.993
D00396,SKU012,Western,2025-06-03,2025-06-05,276.0,266.0,1.0,2,0.964
D00453,SKU009,Ashanti,2025-07-01,2025-07-04,308.0,307.0,0.0,3,0.997
D00977,SKU005,Eastern,2026-02-03,2026-02-06,206.0,202.0,0.0,3,0.981
D01445,SKU005,Greater Accra,2026-09-09,2026-09-13,687.0,664.0,0.0,4,0.967
D00547,SKU007,Eastern,2025-08-04,2025-08-07,99.0,97.0,0.0,3,0.98
D00722,SKU002,Greater Accra,2025-11-02,2025-11-04,578.0,552.0,,2,0.955
D00879,SKU003,Ashanti,2026-01-08,2026-01-10,575.0,556.0,1.0,2,0.967
D00308,SKU008,Ashanti,2025-05-06,2025-05-09,390.0,380.0,1.0,3,0.974
D01469,SKU005,Western,2026-09-01,2026-09-03,426.0,417.0,,2,0.979
D00962,SKU002,Western,2026-02-02,2026-02-06,441.0,435.0,1.0,4,0.986
D00195,SKU003,Northern,2025-03-06,2025-03-07,173.0,168.0,0.0,1,0.971
D01425,SKU009,Northern,2026-08-02,2026-08-04,170.0,168.0,2.0,2,0.988
D00338,SKU002,Northern,2025-05-02,2025-05-05,303.0,288.0,3.0,3,0.95
D00181,SKU001,Eastern,2025-03-04,2025-03-06,463.0,461.0,0.0,2,0.996
D01295,SKU011,Volta,2026-06-07,2026-06-08,196.0,186.0,0.0,1,0.949
D01292,SKU008,Volta,2026-06-08,2026-06-11,77.0,76.0,1.0,3,0.987
D01183,SKU007,Western,2026-05-07,2026-05-10,248.0,237.0,2.0,3,0.956
D01284,SKU012,Northern,2026-06-04,2026-06-07,244.0,243.0,3.0,3,0.996
D01050,SKU006,Eastern,2026-03-03,2026-03-04,361.0,348.0,0.0,1,0.964
D01201,SKU001,Northern,2026-05-01,2026-05-03,164.0,162.0,1.0,2,0.988
D00278,SKU002,Volta,2025-04-01,2025-04-03,71.0,69.0,0.0,2,0.972
D01433,SKU005,Volta,2026-08-05,2026-08-07,139.0,138.0,1.0,2,0.993
D00840,SKU012,Eastern,2025-12-07,2025-12-09,473.0,452.0,0.0,2,0.956
D00015,SKU003,Ashanti,2025-01-01,2025-01-02,342.0,341.0,0.0,1,0.997
D00898,SKU010,Western,2026-01-09,2026-01-12,409.0,391.0,0.0,3,0.956
D00716,SKU008,Volta,2025-10-02,2025-10-03,113.0,112.0,0.0,1,0.991
D01154,SKU002,Greater Accra,2026-05-04,2026-05-08,694.0,670.0,1.0,4,0.965
D00250,SKU010,Western,2025-04-05,2025-04-06,320.0,305.0,0.0,1,0.953
D00415,SKU007,Northern,2025-06-01,2025-06-03,132.0,129.0,0.0,2,0.977
D00784,SKU004,Volta,2025-11-09,2025-11-12,111.0,109.0,0.0,3,0.982
D01499,SKU011,Northern,2026-09-07,2026-09-09,201.0,200.0,1.0,2,0.995
D00555,SKU003,Northern,2025-08-01,2025-08-05,92.0,87.0,0.0,4,0.946
D00305,SKU005,Ashanti,2025-05-09,2025-05-12,559.0,549.0,0.0,3,0.982
D00944,SKU008,Greater Accra,2026-02-04,2026-02-07,751.0,747.0,2.0,3,0.995
D00258,SKU006,Eastern,2025-04-08,2025-04-11,409.0,401.0,1.0,3,0.98
D01496,SKU008,Northern,2026-09-05,2026-09-08,199.0,190.0,1.0,3,0.955
D00696,SKU012,Eastern,2025-10-04,2025-10-07,136.0,129.0,1.0,3,0.949
D00933,SKU009,Volta,2026-01-06,2026-01-09,54.0,52.0,0.0,3,0.963
D00812,SKU008,Ashanti,2025-12-02,2025-12-05,346.0,335.0,1.0,3,0.968
D00507,SKU003,Greater Accra,2025-08-08,2025-08-12,388.0,387.0,1.0,4,0.997
D01490,SKU002,Northern,2026-09-05,2026-09-07,131.0,125.0,0.0,2,0.954
D01351,SKU007,Northern,2026-07-01,2026-07-03,139.0,137.0,1.0,2,0.986
D00894,SKU006,Western,2026-01-09,2026-01-12,212.0,210.0,0.0,3,0.991
D00633,SKU009,Northern,2025-09-09,2025-09-12,87.0,86.0,0.0,3,0.989
D01115,SKU011,Western,2026-04-06,2026-04-08,504.0,500.0,0.0,2,0.992
D00107,SKU011,Western,2025-02-04,2025-02-07,312.0,302.0,1.0,3,0.968
D00626,SKU002,Northern,2025-09-02,2025-09-05,196.0,189.0,1.0,3,0.964
D01276,SKU004,Northern,2026-06-09,2026-06-11,50.0,48.0,1.0,2,0.96
D01224,SKU012,Volta,2026-05-01,2026-05-03,275.0,269.0,0.0,2,0.978
D00393,SKU009,Western,2025-06-06,2025-06-07,307.0,293.0,1.0,1,0.954
D00132,SKU012,Northern,2025-02-01,2025-02-03,196.0,188.0,0.0,2,0.959
D01068,SKU012,Northern,2026-03-01,2026-03-02,151.0,143.0,1.0,1,0.947
D01311,SKU003,Ashanti,2026-07-01,2026-07-13,669.0,475.0,10.0,12,0.71
D00160,SKU004,Ashanti,2025-03-07,2025-03-09,206.0,199.0,0.0,2,0.966
D00138,SKU006,Volta,2025-02-09,2025-02-13,150.0,144.0,0.0,4,0.96
D01365,SKU009,Volta,2026-07-09,2026-07-12,89.0,87.0,0.0,3,0.978
D00169,SKU001,Western,2025-03-03,2025-03-06,736.0,732.0,0.0,3,0.995
D01111,SKU007,Western,2026-04-09,2026-04-11,278.0,269.0,1.0,2,0.968
D01087,SKU007,Greater Accra,2026-04-08,2026-04-10,412.0,407.0,0.0,2,0.988
D00851,SKU011,Northern,2025-12-02,2025-12-05,289.0,283.0,2.0,3,0.979
D01353,SKU009,Northern,2026-07-05,2026-07-07,15.0,14.0,1.0,2,0.933
D01099,SKU007,Ashanti,2026-04-06,2026-04-07,367.0,365.0,0.0,1,0.995
D01341,SKU009,Eastern,2026-07-07,2026-07-10,132.0,129.0,0.0,3,0.977
D01240,SKU004,Ashanti,2026-06-08,2026-06-10,317.0,311.0,1.0,2,0.981
D01188,SKU012,Western,2026-05-04,2026-05-05,560.0,558.0,0.0,1,0.996
D00295,SKU007,Greater Accra,2025-05-04,2025-05-07,705.0,679.0,1.0,3,0.963
D00221,SKU005,Greater Accra,2025-04-03,2025-04-06,406.0,387.0,0.0,3,0.953
D00478,SKU010,Eastern,2025-07-02,2025-07-05,215.0,206.0,0.0,3,0.958
D01332,SKU012,Western,2026-07-01,2026-07-03,227.0,220.0,1.0,2,0.969
D00981,SKU009,Eastern,2026-02-02,2026-02-03,433.0,430.0,1.0,1,0.993
D01191,SKU003,Eastern,2026-05-08,2026-05-09,203.0,195.0,0.0,1,0.961
D00801,SKU009,Greater Accra,2025-12-06,2025-12-08,296.0,281.0,1.0,2,0.949
D00672,SKU012,Ashanti,2025-10-09,2025-10-14,607.0,587.0,1.0,5,0.967
D00182,SKU002,Eastern,2025-03-05,2025-03-07,194.0,189.0,1.0,2,0.974
D01285,SKU001,Volta,2026-06-03,2026-06-05,216.0,205.0,0.0,2,0.949
D00473,SKU005,Eastern,2025-07-09,2025-07-11,302.0,288.0,0.0,2,0.954
D00642,SKU006,Volta,2025-09-06,2025-09-10,273.0,265.0,0.0,4,0.971
D00975,SKU003,Eastern,2026-02-03,2026-02-06,289.0,285.0,0.0,3,0.986
D00494,SKU002,Volta,2025-07-01,2025-07-03,153.0,147.0,1.0,2,0.961
D00054,SKU006,Northern,2025-01-04,2025-01-06,119.0,114.0,1.0,2,0.958
D00283,SKU007,Volta,2025-04-08,2025-04-10,138.0,131.0,0.0,2,0.949
D00523,SKU007,Ashanti,2025-08-06,2025-08-08,381.0,373.0,1.0,2,0.979
D00598,SKU010,Ashanti,2025-09-07,2025-09-10,288.0,278.0,1.0,3,0.965
D00429,SKU009,Volta,2025-06-06,2025-06-07,130.0,127.0,0.0,1,0.977
D01105,SKU001,Western,2026-04-08,2026-04-10,520.0,500.0,0.0,2,0.962
D00417,SKU009,Northern,2025-06-09,2025-06-12,73.0,72.0,0.0,3,0.986
D01479,SKU003,Eastern,2026-09-05,2026-09-07,103.0,98.0,0.0,2,0.951
D00382,SKU010,Ashanti,2025-06-04,2025-06-07,448.0,444.0,1.0,3,0.991
D01020,SKU012,Greater Accra,2026-03-09,2026-03-13,670.0,668.0,0.0,4,0.997
D01465,SKU001,Western,2026-09-01,2026-09-04,637.0,635.0,0.0,3,0.997
D00296,SKU008,Greater Accra,2025-05-09,2025-05-12,492.0,477.0,0.0,3,0.97
D00596,SKU008,Ashanti,2025-09-08,2025-09-10,580.0,558.0,1.0,2,0.962
D01374,SKU006,Greater Accra,2026-08-09,2026-08-11,498.0,494.0,0.0,2,0.992
D01006,SKU010,Volta,2026-02-02,2026-02-05,126.0,122.0,1.0,3,0.968
D01172,SKU008,Ashanti,2026-05-03,2026-05-06,463.0,455.0,0.0,3,0.983
D00804,SKU012,Greater Accra,2025-12-05,2025-12-08,879.0,866.0,4.0,3,0.985
D01273,SKU001,Northern,2026-06-09,2026-06-11,282.0,,2.0,2,
D01130,SKU002,Northern,2026-04-04,2026-04-06,439.0,428.0,0.0,2,0.975
D01449,SKU009,Greater Accra,2026-09-04,2026-09-08,455.0,442.0,0.0,4,0.971
D00482,SKU002,Northern,2025-07-06,2025-07-08,144.0,139.0,0.0,2,0.965
D00325,SKU001,Eastern,2025-05-03,2025-05-06,462.0,458.0,2.0,3,0.991
D00279,SKU003,Volta,2025-04-07,2025-04-08,250.0,249.0,0.0,1,0.996
D00168,SKU012,Ashanti,2025-03-05,2025-03-07,494.0,475.0,0.0,2,0.962
D01333,SKU001,Eastern,2026-07-04,2026-07-06,685.0,658.0,3.0,2,0.961
D00652,SKU004,Greater Accra,2025-10-02,2025-10-04,412.0,401.0,1.0,2,0.973
D00777,SKU009,Northern,2025-11-03,2025-11-07,172.0,167.0,0.0,4,0.971
D00185,SKU005,Eastern,2025-03-02,2025-03-07,310.0,295.0,1.0,5,0.952
D00735,SKU003,Ashanti,2025-11-08,2025-11-12,544.0,526.0,0.0,4,0.967
D01275,SKU003,Northern,2026-06-05,2026-06-09,170.0,168.0,1.0,4,0.988
D00504,SKU012,Volta,2025-07-09,2025-07-10,108.0,106.0,0.0,1,0.981
D00974,SKU002,Eastern,2026-02-06,2026-02-07,364.0,347.0,0.0,1,0.953
D00094,SKU010,Ashanti,2025-02-07,2025-02-11,424.0,412.0,0.0,4,0.972
D01322,SKU002,Western,2026-07-05,2026-07-07,623.0,594.0,0.0,2,0.953
D00682,SKU010,Western,2025-10-09,2025-10-12,360.0,347.0,1.0,3,0.964
D00220,SKU004,Greater Accra,2025-04-07,2025-04-10,574.0,554.0,0.0,3,0.965
D01421,SKU005,Northern,2026-08-09,2026-08-12,100.0,97.0,0.0,3,0.97
D01199,SKU011,Eastern,2026-05-09,2026-05-12,279.0,267.0,0.0,3,0.957
D00131,SKU011,Northern,2025-02-04,2025-02-05,127.0,124.0,0.0,1,0.976
D01177,SKU001,Western,2026-05-06,2026-05-08,540.0,531.0,0.0,2,0.983
D01510,SKU010,Volta,2026-09-07,2026-09-09,61.0,59.0,0.0,2,0.967
D01256,SKU008,Western,2026-06-05,2026-06-07,472.0,457.0,0.0,2,0.968
D00115,SKU007,Eastern,2025-02-08,2025-02-10,204.0,198.0,1.0,2,0.971
D00823,SKU007,Western,2025-12-05,2025-12-08,405.0,400.0,1.0,3,0.988
D00887,SKU011,Ashanti,2026-01-07,2026-01-09,455.0,453.0,0.0,2,0.996
D01481,SKU005,Eastern,2026-09-04,2026-09-07,368.0,365.0,1.0,3,0.992
D01017,SKU009,Greater Accra,2026-03-02,2026-03-07,399.0,380.0,0.0,5,0.952
D00932,SKU008,Volta,2026-01-02,2026-01-06,128.0,125.0,1.0,4,0.977
D01102,SKU010,Ashanti,2026-04-01,2026-04-02,388.0,383.0,0.0,1,0.987
D00927,SKU003,Volta,2026-01-06,2026-01-08,87.0,85.0,1.0,2,0.977
D00055,SKU007,Northern,2025-01-04,2025-01-07,237.0,,1.0,3,
D01159,SKU007,Greater Accra,2026-05-02,2026-05-06,552.0,545.0,1.0,4,0.987
D00450,SKU006,Ashanti,2025-07-08,2025-07-10,231.0,227.0,1.0,2,0.983
D00595,SKU007,Ashanti,2025-09-09,2025-09-13,573.0,562.0,0.0,4,0.981
D01456,SKU004,Ashanti,2026-09-01,2026-09-15,567.0,444.0,13.0,14,0.783
D00902,SKU002,Eastern,2026-01-06,2026-01-09,432.0,412.0,0.0,3,0.954
D00839,SKU011,Eastern,2025-12-02,2025-12-03,250.0,238.0,0.0,1,0.952
D00790,SKU010,Volta,2025-11-01,2025-11-03,94.0,90.0,1.0,2,0.957
D01372,SKU004,Greater Accra,2026-08-03,2026-08-04,333.0,324.0,1.0,1,0.973
D00447,SKU003,Ashanti,2025-07-01,2025-07-04,418.0,417.0,0.0,3,0.998
D00124,SKU004,Northern,2025-02-07,2025-02-09,283.0,273.0,0.0,2,0.965
D00112,SKU004,Eastern,2025-02-01,2025-02-03,180.0,172.0,2.0,2,0.956
D00214,SKU010,Volta,2025-03-06,2025-03-07,194.0,185.0,1.0,1,0.954
D01405,SKU001,Eastern,2026-08-06,2026-08-09,432.0,413.0,1.0,3,0.956
D00065,SKU005,Volta,2025-01-08,2025-01-11,133.0,127.0,4.0,3,0.955
D00040,SKU004,Eastern,2025-01-04,2025-01-06,207.0,203.0,0.0,2,0.981
D01489,SKU001,Northern,2026-09-01,2026-09-05,225.0,218.0,0.0,4,0.969
D00209,SKU005,Volta,2025-03-01,2025-03-02,231.0,230.0,,1,0.996
D00424,SKU004,Volta,2025-06-05,2025-06-07,61.0,58.0,0.0,2,0.951
D00912,SKU012,Eastern,2026-01-04,2026-01-08,327.0,322.0,1.0,4,0.985
D00772,SKU004,Northern,2025-11-05,2025-11-07,150.0,149.0,0.0,2,0.993
D00929,SKU005,Volta,2026-01-09,2026-01-10,173.0,170.0,1.0,1,0.983
D01238,SKU002,Ashanti,2026-06-07,2026-06-10,488.0,476.0,0.0,3,0.975
D01300,SKU004,Greater Accra,2026-07-05,2026-07-06,529.0,513.0,1.0,1,0.97
D00193,SKU001,Northern,2025-03-01,2025-03-05,308.0,307.0,2.0,4,0.997
D01107,SKU003,Western,2026-04-02,2026-04-04,388.0,374.0,0.0,2,0.964
D00475,SKU007,Eastern,2025-07-04,2025-07-07,315.0,307.0,1.0,3,0.975
D00204,SKU012,Northern,2025-03-02,2025-03-07,92.0,90.0,1.0,5,0.978
D00025,SKU001,Western,2025-01-09,2025-01-14,418.0,400.0,0.0,5,0.957
D00008,SKU008,Greater Accra,2025-01-06,2025-01-10,491.0,478.0,3.0,4,0.974
D00644,SKU008,Volta,2025-09-03,2025-09-06,185.0,177.0,1.0,3,0.957
D00061,SKU001,Volta,2025-01-04,2025-01-07,131.0,128.0,0.0,3,0.977
D01313,SKU005,Ashanti,2026-07-05,2026-07-09,570.0,552.0,1.0,4,0.968
D00476,SKU008,Eastern,2025-07-05,2025-07-07,317.0,302.0,1.0,2,0.953
D01110,SKU006,Western,2026-04-02,2026-04-05,472.0,454.0,1.0,3,0.962
D01255,SKU007,Western,2026-06-09,2026-06-10,547.0,528.0,1.0,1,0.965
D01451,SKU011,Greater Accra,2026-09-06,2026-09-09,332.0,323.0,0.0,3,0.973
D01043,SKU011,Western,2026-03-02,2026-03-05,315.0,304.0,1.0,3,0.965
D00118,SKU010,Eastern,2025-02-09,2025-02-12,257.0,248.0,1.0,3,0.965
D00058,SKU010,Northern,2025-01-08,2025-01-11,134.0,129.0,0.0,3,0.963
D01221,SKU009,Volta,2026-05-01,2026-05-04,153.0,151.0,2.0,3,0.987
D00557,SKU005,Northern,2025-08-08,2025-08-11,238.0,227.0,0.0,3,0.954
D00102,SKU006,Western,2025-02-09,2025-02-14,225.0,215.0,0.0,5,0.956
D00452,SKU008,Ashanti,2025-07-01,2025-07-04,347.0,334.0,0.0,3,0.963
D00949,SKU001,Ashanti,2026-02-01,2026-02-03,883.0,878.0,1.0,2,0.994
D00744,SKU012,Ashanti,2025-11-02,2025-11-05,372.0,363.0,,3,0.976
D01382,SKU002,Ashanti,2026-08-06,2026-08-21,285.0,218.0,13.0,15,0.765
D01227,SKU003,Greater Accra,2026-06-07,2026-06-10,506.0,487.0,1.0,3,0.962
D00859,SKU007,Volta,2025-12-04,2025-12-05,205.0,201.0,1.0,1,0.98
D00807,SKU003,Ashanti,2025-12-02,2025-12-04,578.0,566.0,1.0,2,0.979
D01264,SKU004,Eastern,2026-06-03,2026-06-06,321.0,317.0,1.0,3,0.988
D01149,SKU009,Volta,2026-04-06,2026-04-08,173.0,164.0,0.0,2,0.948
D00686,SKU002,Eastern,2025-10-05,2025-10-08,260.0,256.0,0.0,3,0.985
D00081,SKU009,Greater Accra,2025-02-05,2025-02-08,385.0,367.0,0.0,3,0.953
D01378,SKU010,Greater Accra,2026-08-08,2026-08-10,391.0,380.0,0.0,2,0.972
D00213,SKU009,Volta,2025-03-04,2025-03-05,91.0,90.0,0.0,1,0.989
D00521,SKU005,Ashanti,2025-08-04,2025-08-05,328.0,319.0,0.0,1,0.973
D00385,SKU001,Western,2025-06-03,2025-06-05,381.0,368.0,0.0,2,0.966
D01109,SKU005,Western,2026-04-08,2026-04-10,422.0,415.0,1.0,2,0.983
D00584,SKU008,Greater Accra,2025-09-08,2025-09-10,600.0,591.0,1.0,2,0.985
D00109,SKU001,Eastern,2025-02-06,2025-02-09,363.0,354.0,0.0,3,0.975
D01422,SKU006,Northern,2026-08-03,2026-08-05,193.0,184.0,0.0,2,0.953
D00542,SKU002,Eastern,2025-08-05,2025-08-07,312.0,306.0,0.0,2,0.981
D00360,SKU012,Volta,2025-05-01,2025-05-03,176.0,,1.0,2,
D00177,SKU009,Western,2025-03-04,2025-03-07,195.0,192.0,,3,0.985
D00352,SKU004,Volta,2025-05-03,2025-05-05,160.0,156.0,2.0,2,0.975
D01080,SKU012,Volta,2026-03-02,2026-03-04,98.0,96.0,1.0,2,0.98
D00761,SKU005,Eastern,2025-11-04,2025-11-08,273.0,271.0,0.0,4,0.993
D00491,SKU011,Northern,2025-07-02,2025-07-04,95.0,90.0,0.0,2,0.947
D00267,SKU003,Northern,2025-04-09,2025-04-11,134.0,129.0,1.0,2,0.963
D00321,SKU009,Western,2025-05-06,2025-05-08,156.0,151.0,1.0,2,0.968
D00593,SKU005,Ashanti,2025-09-05,2025-09-07,459.0,448.0,2.0,2,0.976
D00624,SKU012,Eastern,2025-09-07,2025-09-10,225.0,218.0,0.0,3,0.969
D00855,SKU003,Volta,2025-12-05,2025-12-09,161.0,158.0,0.0,4,0.981
D00082,SKU010,Greater Accra,2025-02-06,2025-02-08,344.0,326.0,0.0,2,0.948
D00269,SKU005,Northern,2025-04-04,2025-04-07,270.0,259.0,1.0,3,0.959
D01245,SKU009,Ashanti,2026-06-08,2026-06-13,249.0,,0.0,5,
D00268,SKU004,Northern,2025-04-07,2025-04-09,113.0,109.0,1.0,2,0.965
D00098,SKU002,Western,2025-02-04,2025-02-05,309.0,298.0,4.0,1,0.964
D00143,SKU011,Volta,2025-02-03,2025-02-06,130.0,128.0,0.0,3,0.985
D00943,SKU007,Greater Accra,2026-02-03,2026-02-05,414.0,399.0,2.0,2,0.964
D00531,SKU003,Western,2025-08-02,2025-08-04,263.0,257.0,1.0,2,0.977
D00379,SKU007,Ashanti,2025-06-05,2025-06-06,226.0,219.0,0.0,1,0.969
D00062,SKU002,Volta,2025-01-09,2025-01-11,246.0,240.0,0.0,2,0.976
D01486,SKU010,Eastern,2026-09-02,2026-09-05,280.0,267.0,0.0,3,0.954
D00782,SKU002,Volta,2025-11-03,2025-11-04,253.0,245.0,2.0,1,0.968
D01438,SKU010,Volta,2026-08-03,2026-08-07,236.0,224.0,1.0,4,0.949
D00862,SKU010,Volta,2025-12-09,2025-12-12,195.0,185.0,0.0,3,0.949
D01434,SKU006,Volta,2026-08-04,2026-08-07,221.0,220.0,1.0,3,0.995
D00023,SKU011,Ashanti,2025-01-06,2025-01-09,371.0,354.0,2.0,3,0.954
D00629,SKU005,Northern,2025-09-04,2025-09-07,203.0,201.0,1.0,3,0.99
D01203,SKU003,Northern,2026-05-08,2026-05-12,267.0,254.0,1.0,4,0.951
D00774,SKU006,Northern,2025-11-04,2025-11-06,201.0,200.0,1.0,2,0.995
D00384,SKU012,Ashanti,2025-06-08,2025-06-11,527.0,508.0,0.0,3,0.964
D00349,SKU001,Volta,2025-05-09,2025-05-12,366.0,358.0,4.0,3,0.978
D01331,SKU011,Western,2026-07-05,2026-07-07,475.0,453.0,0.0,2,0.954
D00351,SKU003,Volta,2025-05-08,2025-05-12,258.0,253.0,0.0,4,0.981
D00658,SKU010,Greater Accra,2025-10-06,2025-10-09,494.0,488.0,2.0,3,0.988
D00435,SKU003,Greater Accra,2025-07-04,2025-07-06,500.0,498.0,0.0,2,0.996
D00688,SKU004,Eastern,2025-10-02,2025-10-04,303.0,295.0,0.0,2,0.974
D00217,SKU001,Greater Accra,2025-04-08,2025-04-09,547.0,541.0,1.0,1,0.989
D01073,SKU005,Volta,2026-03-04,2026-03-06,181.0,173.0,0.0,2,0.956
D00388,SKU004,Western,2025-06-08,2025-06-09,423.0,415.0,2.0,1,0.981
D00178,SKU010,Western,2025-03-06,2025-03-09,273.0,261.0,1.0,3,0.956
D01485,SKU009,Eastern,2026-09-03,2026-09-07,253.0,245.0,0.0,4,0.968
D00715,SKU007,Volta,2025-10-07,2025-10-08,223.0,212.0,0.0,1,0.951
D00459,SKU003,Western,2025-07-04,2025-07-08,359.0,345.0,1.0,4,0.961
D00865,SKU001,Greater Accra,2026-01-07,2026-01-09,612.0,589.0,0.0,2,0.962
D01409,SKU005,Eastern,2026-08-06,2026-08-09,315.0,303.0,3.0,3,0.962
D00004,SKU004,Greater Accra,2025-01-03,2025-01-04,341.0,325.0,1.0,1,0.953
D00264,SKU012,Eastern,2025-04-05,2025-04-06,476.0,462.0,1.0,1,0.971
D00433,SKU001,Greater Accra,2025-07-02,2025-07-05,801.0,800.0,1.0,3,0.999
D00492,SKU012,Northern,2025-07-08,2025-07-11,182.0,178.0,0.0,3,0.978
D00505,SKU001,Greater Accra,2025-08-04,2025-08-07,1086.0,1051.0,0.0,3,0.968
D00971,SKU011,Western,2026-02-06,2026-02-10,276.0,267.0,0.0,4,0.967
D00647,SKU011,Volta,2025-09-09,2025-09-13,81.0,80.0,0.0,4,0.988
D00764,SKU008,Eastern,2025-11-01,2025-11-03,466.0,461.0,0.0,2,0.989
D00398,SKU002,Eastern,2025-06-03,2025-06-05,610.0,606.0,0.0,2,0.993
D01016,SKU008,Greater Accra,2026-03-07,2026-03-12,364.0,348.0,2.0,5,0.956
D01508,SKU008,Volta,2026-09-01,2026-09-03,178.0,176.0,0.0,2,0.989
D00445,SKU001,Ashanti,2025-07-04,2025-07-08,616.0,592.0,3.0,4,0.961
D00537,SKU009,Western,2025-08-04,2025-08-07,231.0,224.0,0.0,3,0.97
D00753,SKU009,Western,2025-11-07,2025-11-09,140.0,134.0,1.0,2,0.957
D00201,SKU009,Northern,2025-03-09,2025-03-12,137.0,130.0,0.0,3,0.949
D00202,SKU010,Northern,2025-03-05,2025-03-07,158.0,151.0,0.0,2,0.956
D01359,SKU003,Volta,2026-07-06,2026-07-07,148.0,146.0,0.0,1,0.986
D01039,SKU007,Western,2026-03-09,2026-03-12,304.0,295.0,0.0,3,0.97
D00564,SKU012,Northern,2025-08-06,2025-08-10,142.0,136.0,1.0,4,0.958
D00883,SKU007,Ashanti,2026-01-05,2026-01-08,295.0,290.0,1.0,3,0.983
D00769,SKU001,Northern,2025-11-07,2025-11-11,166.0,164.0,2.0,4,0.988
D00700,SKU004,Northern,2025-10-06,2025-10-08,127.0,121.0,0.0,2,0.953
D00508,SKU004,Greater Accra,2025-08-02,2025-08-03,441.0,426.0,0.0,1,0.966
D01223,SKU011,Volta,2026-05-03,2026-05-06,155.0,154.0,0.0,3,0.994
D00472,SKU004,Eastern,2025-07-03,2025-07-05,113.0,110.0,2.0,2,0.973
D00033,SKU009,Western,2025-01-08,2025-01-11,239.0,235.0,0.0,3,0.983
D00272,SKU008,Northern,2025-04-04,2025-04-06,171.0,170.0,2.0,2,0.994
D00408,SKU012,Eastern,2025-06-06,2025-06-07,205.0,201.0,1.0,1,0.98
D00821,SKU005,Western,2025-12-04,2025-12-05,403.0,394.0,0.0,1,0.978
D00471,SKU003,Eastern,2025-07-03,2025-07-06,307.0,292.0,1.0,3,0.951
D01026,SKU006,Ashanti,2026-03-04,2026-03-06,374.0,366.0,0.0,2,0.979
D00911,SKU011,Eastern,2026-01-08,2026-01-13,171.0,165.0,0.0,5,0.965
D01413,SKU009,Eastern,2026-08-05,2026-08-06,107.0,104.0,1.0,1,0.972
D00383,SKU011,Ashanti,2025-06-05,2025-06-08,287.0,279.0,0.0,3,0.972
D00275,SKU011,Northern,2025-04-03,2025-04-07,130.0,129.0,0.0,4,0.992
D01018,SKU010,Greater Accra,2026-03-04,2026-03-06,571.0,564.0,0.0,2,0.988
D00007,SKU007,Greater Accra,2025-01-02,2025-01-04,325.0,319.0,0.0,2,0.982
D00901,SKU001,Eastern,2026-01-05,2026-01-08,413.0,406.0,0.0,3,0.983
D01029,SKU009,Ashanti,2026-03-09,2026-03-10,422.0,412.0,1.0,1,0.976
D01464,SKU012,Ashanti,2026-09-03,2026-09-07,591.0,576.0,0.0,4,0.975
D00211,SKU007,Volta,2025-03-02,2025-03-04,201.0,198.0,0.0,2,0.985
D00123,SKU003,Northern,2025-02-09,2025-02-11,321.0,317.0,1.0,2,0.988
D01370,SKU002,Greater Accra,2026-08-09,2026-08-13,496.0,480.0,2.0,4,0.968
D00826,SKU010,Western,2025-12-06,2025-12-08,394.0,375.0,0.0,2,0.952
D00002,SKU002,Greater Accra,2025-01-06,2025-01-07,564.0,551.0,1.0,1,0.977
D00814,SKU010,Ashanti,2025-12-08,2025-12-10,497.0,493.0,0.0,2,0.992
D01158,SKU006,Greater Accra,2026-05-02,2026-05-06,412.0,398.0,1.0,4,0.966
D01120,SKU004,Eastern,2026-04-04,2026-04-05,283.0,280.0,2.0,1,0.989
D01089,SKU009,Greater Accra,2026-04-05,2026-04-07,561.0,559.0,2.0,2,0.996
D00941,SKU005,Greater Accra,2026-02-07,2026-02-11,492.0,468.0,1.0,4,0.951
D00312,SKU012,Ashanti,2025-05-05,2025-05-08,325.0,310.0,0.0,3,0.954
D00235,SKU007,Ashanti,2025-04-09,2025-04-11,387.0,373.0,0.0,2,0.964
D00101,SKU005,Western,2025-02-02,2025-02-04,400.0,389.0,0.0,2,0.972
D00319,SKU007,Western,2025-05-01,2025-05-02,204.0,196.0,2.0,1,0.961
D00339,SKU003,Northern,2025-05-04,2025-05-06,108.0,103.0,,2,0.954
D00390,SKU006,Western,2025-06-02,2025-06-05,341.0,333.0,0.0,3,0.977
D00104,SKU008,Western,2025-02-02,2025-02-04,279.0,277.0,1.0,2,0.993
D00197,SKU005,Northern,2025-03-06,2025-03-08,55.0,53.0,0.0,2,0.964
D01187,SKU011,Western,2026-05-04,2026-05-06,359.0,342.0,1.0,2,0.953
D00591,SKU003,Ashanti,2025-09-02,2025-09-05,491.0,490.0,0.0,3,0.998
D00942,SKU006,Greater Accra,2026-02-05,2026-02-08,242.0,234.0,1.0,3,0.967
D00622,SKU010,Eastern,2025-09-06,2025-09-09,343.0,329.0,1.0,3,0.959
D00135,SKU003,Volta,2025-02-09,2025-02-12,197.0,196.0,0.0,3,0.995
D01232,SKU008,Greater Accra,2026-06-09,2026-06-13,427.0,409.0,2.0,4,0.958
D00701,SKU005,Northern,2025-10-01,2025-10-04,221.0,220.0,1.0,3,0.995
D00411,SKU003,Northern,2025-06-07,2025-06-12,233.0,223.0,0.0,5,0.957
D00299,SKU011,Greater Accra,2025-05-01,2025-05-05,537.0,520.0,0.0,4,0.968
D01234,SKU010,Greater Accra,2026-06-07,2026-06-10,513.0,501.0,1.0,3,0.977
D00669,SKU009,Ashanti,2025-10-08,2025-10-11,342.0,340.0,0.0,3,0.994
D00465,SKU009,Western,2025-07-03,2025-07-06,313.0,300.0,0.0,3,0.958
D00600,SKU012,Ashanti,2025-09-06,2025-09-09,506.0,489.0,1.0,3,0.966
D00552,SKU012,Eastern,2025-08-02,2025-08-04,295.0,286.0,2.0,2,0.969
D00161,SKU005,Ashanti,2025-03-04,2025-03-07,381.0,366.0,0.0,3,0.961
D00636,SKU012,Northern,2025-09-09,2025-09-11,185.0,177.0,1.0,2,0.957
D01193,SKU005,Eastern,2026-05-02,2026-05-05,501.0,487.0,0.0,3,0.972
D01488,SKU012,Eastern,2026-09-06,2026-09-07,421.0,401.0,1.0,1,0.952
D01328,SKU008,Western,2026-07-03,2026-07-04,302.0,292.0,3.0,1,0.967
D00615,SKU003,Eastern,2025-09-02,2025-09-05,235.0,226.0,1.0,3,0.962
D01475,SKU011,Western,2026-09-07,2026-09-08,447.0,437.0,0.0,1,0.978
D00236,SKU008,Ashanti,2025-04-03,2025-04-05,433.0,431.0,1.0,2,0.995
D01344,SKU012,Eastern,2026-07-05,2026-07-08,226.0,217.0,2.0,3,0.96
D00086,SKU002,Ashanti,2025-02-04,2025-02-05,505.0,480.0,3.0,1,0.95
D00366,SKU006,Greater Accra,2025-06-09,2025-06-13,384.0,368.0,3.0,4,0.958
D01419,SKU003,Northern,2026-08-02,2026-08-05,223.0,215.0,1.0,3,0.964
D00233,SKU005,Ashanti,2025-04-03,2025-04-05,478.0,454.0,0.0,2,0.95
D01010,SKU002,Greater Accra,2026-03-05,2026-03-06,571.0,563.0,1.0,1,0.986
D00372,SKU012,Greater Accra,2025-06-02,2025-06-05,487.0,464.0,0.0,3,0.953
D00017,SKU005,Ashanti,2025-01-07,2025-01-10,347.0,335.0,1.0,3,0.965
D01380,SKU012,Greater Accra,2026-08-01,2026-08-04,648.0,637.0,0.0,3,0.983
D01071,SKU003,Volta,2026-03-05,2026-03-06,122.0,119.0,1.0,1,0.975
D00573,SKU009,Volta,2025-08-06,2025-08-08,67.0,66.0,0.0,2,0.985
D00345,SKU009,Northern,2025-05-07,2025-05-10,189.0,,3.0,3,
D00130,SKU010,Northern,2025-02-08,2025-02-12,284.0,274.0,0.0,4,0.965
D00270,SKU006,Northern,2025-04-05,2025-04-06,80.0,79.0,1.0,1,0.988
D00614,SKU002,Eastern,2025-09-01,2025-09-04,316.0,311.0,0.0,3,0.984
D01392,SKU012,Ashanti,2026-08-01,2026-08-03,592.0,586.0,2.0,2,0.99
D00095,SKU011,Ashanti,2025-02-02,2025-02-06,169.0,,2.0,4,
D01249,SKU001,Western,2026-06-07,2026-06-10,567.0,553.0,3.0,3,0.975
D01423,SKU007,Northern,2026-08-03,2026-08-05,158.0,150.0,2.0,2,0.949
D00628,SKU004,Northern,2025-09-02,2025-09-04,310.0,304.0,0.0,2,0.981
D00196,SKU004,Northern,2025-03-06,2025-03-08,256.0,250.0,0.0,2,0.977
D01385,SKU005,Ashanti,2026-08-03,2026-08-05,633.0,611.0,0.0,2,0.965
D00243,SKU003,Western,2025-04-05,2025-04-07,413.0,402.0,0.0,2,0.973
D00882,SKU006,Ashanti,2026-01-06,2026-01-09,415.0,399.0,1.0,3,0.961
D01104,SKU012,Ashanti,2026-04-06,2026-04-10,250.0,242.0,0.0,4,0.968
D01500,SKU012,Northern,2026-09-06,2026-09-09,211.0,204.0,0.0,3,0.967
D00044,SKU008,Eastern,2025-01-04,2025-01-06,269.0,260.0,3.0,2,0.967
D00802,SKU010,Greater Accra,2025-12-06,2025-12-07,492.0,484.0,0.0,1,0.984
D01045,SKU001,Eastern,2026-03-05,2026-03-07,278.0,273.0,0.0,2,0.982
D00206,SKU002,Volta,2025-03-06,2025-03-07,153.0,147.0,1.0,1,0.961
D01288,SKU004,Volta,2026-06-08,2026-06-12,186.0,177.0,2.0,4,0.952
D00793,SKU001,Greater Accra,2025-12-02,2025-12-06,1242.0,1201.0,2.0,4,0.967
D00362,SKU002,Greater Accra,2025-06-06,2025-06-09,495.0,490.0,3.0,3,0.99
D00092,SKU008,Ashanti,2025-02-09,2025-02-11,306.0,293.0,0.0,2,0.958
D01175,SKU011,Ashanti,2026-05-05,2026-05-07,296.0,295.0,1.0,2,0.997
D01219,SKU007,Volta,2026-05-05,2026-05-09,118.0,114.0,1.0,4,0.966
D00083,SKU011,Greater Accra,2025-02-07,2025-02-09,347.0,342.0,1.0,2,0.986
D01112,SKU008,Western,2026-04-06,2026-04-10,528.0,514.0,1.0,4,0.973
D01329,SKU009,Western,2026-07-07,2026-07-10,471.0,456.0,1.0,3,0.968
D01166,SKU002,Ashanti,2026-05-03,2026-05-04,966.0,951.0,1.0,1,0.984
D01244,SKU008,Ashanti,2026-06-04,2026-06-08,565.0,543.0,0.0,4,0.961
D00340,SKU004,Northern,2025-05-07,2025-05-09,120.0,115.0,0.0,2,0.958
D01222,SKU010,Volta,2026-05-02,2026-05-05,127.0,120.0,2.0,3,0.945
D01064,SKU008,Northern,2026-03-01,2026-03-04,295.0,281.0,0.0,3,0.953
D00734,SKU002,Ashanti,2025-11-09,2025-11-12,679.0,660.0,0.0,3,0.972
D00097,SKU001,Western,2025-02-05,2025-02-07,517.0,503.0,2.0,2,0.973
D00085,SKU001,Ashanti,2025-02-04,2025-02-07,544.0,522.0,3.0,3,0.96
D00818,SKU002,Western,2025-12-07,2025-12-11,668.0,641.0,0.0,4,0.96
D00757,SKU001,Eastern,2025-11-05,2025-11-07,543.0,534.0,0.0,2,0.983
D00703,SKU007,Northern,2025-10-04,2025-10-06,185.0,181.0,1.0,2,0.978
D00763,SKU007,Eastern,2025-11-04,2025-11-08,170.0,167.0,1.0,4,0.982
D01462,SKU010,Ashanti,2026-09-02,2026-09-05,416.0,404.0,1.0,3,0.971
D00315,SKU003,Western,2025-05-05,2025-05-07,369.0,352.0,0.0,2,0.954
D00885,SKU009,Ashanti,2026-01-04,2026-01-07,313.0,309.0,2.0,3,0.987
D00779,SKU011,Northern,2025-11-06,2025-11-09,254.0,252.0,0.0,3,0.992
D00711,SKU003,Volta,2025-10-02,2025-10-04,202.0,193.0,0.0,2,0.955
D00620,SKU008,Eastern,2025-09-04,2025-09-07,245.0,238.0,1.0,3,0.971
D01014,SKU006,Greater Accra,2026-03-05,2026-03-07,405.0,393.0,0.0,2,0.97
D00634,SKU010,Northern,2025-09-09,2025-09-11,56.0,55.0,2.0,2,0.982
D00556,SKU004,Northern,2025-08-09,2025-08-11,139.0,137.0,0.0,2,0.986
D01197,SKU009,Eastern,2026-05-04,2026-05-06,75.0,72.0,1.0,2,0.96
D00198,SKU006,Northern,2025-03-06,2025-03-09,120.0,118.0,0.0,3,0.983
D01416,SKU012,Eastern,2026-08-04,2026-08-05,352.0,340.0,1.0,1,0.966
D00852,SKU012,Northern,2025-12-06,2025-12-08,142.0,141.0,0.0,2,0.993
D01387,SKU007,Ashanti,2026-08-03,2026-08-07,427.0,426.0,1.0,4,0.998
D00979,SKU007,Eastern,2026-02-07,2026-02-08,202.0,192.0,0.0,1,0.95
D00785,SKU005,Volta,2025-11-09,2025-11-12,238.0,234.0,0.0,3,0.983
D00141,SKU009,Volta,2025-02-07,2025-02-09,72.0,69.0,0.0,2,0.958
D00915,SKU003,Northern,2026-01-03,2026-01-06,46.0,44.0,1.0,3,0.957
D00049,SKU001,Northern,2025-01-08,2025-01-14,227.0,225.0,2.0,6,0.991
D01052,SKU008,Eastern,2026-03-05,2026-03-08,228.0,225.0,0.0,3,0.987
D00951,SKU003,Ashanti,2026-02-09,2026-02-10,476.0,468.0,0.0,1,0.983
D01121,SKU005,Eastern,2026-04-07,2026-04-10,460.0,455.0,1.0,3,0.989
D00770,SKU002,Northern,2025-11-07,2025-11-10,266.0,256.0,1.0,3,0.962
D00242,SKU002,Western,2025-04-02,2025-04-04,504.0,482.0,2.0,2,0.956
D00029,SKU005,Western,2025-01-02,2025-01-04,367.0,357.0,0.0,2,0.973
D01415,SKU011,Eastern,2026-08-09,2026-08-10,279.0,265.0,1.0,1,0.95
D01437,SKU009,Volta,2026-08-03,2026-08-04,132.0,130.0,0.0,1,0.985
D01085,SKU005,Greater Accra,2026-04-06,2026-04-08,603.0,581.0,0.0,2,0.964
D00013,SKU001,Ashanti,2025-01-07,2025-01-09,735.0,734.0,2.0,2,0.999
D01494,SKU006,Northern,2026-09-03,2026-09-06,153.0,145.0,0.0,3,0.948
D01046,SKU002,Eastern,2026-03-09,2026-03-11,222.0,216.0,1.0,2,0.973
D01094,SKU002,Ashanti,2026-04-06,2026-04-07,865.0,855.0,1.0,1,0.988
D00986,SKU002,Northern,2026-02-03,2026-02-07,298.0,,0.0,4,
D01063,SKU007,Northern,2026-03-02,2026-03-05,196.0,189.0,2.0,3,0.964
D01335,SKU003,Eastern,2026-07-06,2026-07-08,296.0,284.0,2.0,2,0.959
D00470,SKU002,Eastern,2025-07-06,2025-07-10,372.0,364.0,0.0,4,0.978
D00273,SKU009,Northern,2025-04-06,2025-04-10,130.0,127.0,0.0,4,0.977
D00900,SKU012,Western,2026-01-08,2026-01-11,561.0,538.0,0.0,3,0.959
D00674,SKU002,Western,2025-10-07,2025-10-10,564.0,563.0,1.0,3,0.998
D01315,SKU007,Ashanti,2026-07-04,2026-07-06,537.0,525.0,1.0,2,0.978
D00070,SKU010,Volta,2025-01-07,2025-01-11,60.0,58.0,0.0,4,0.967
D01048,SKU004,Eastern,2026-03-02,2026-03-04,204.0,193.0,1.0,2,0.946
D00857,SKU005,Volta,2025-12-02,2025-12-05,157.0,155.0,2.0,3,0.987
D01375,SKU007,Greater Accra,2026-08-02,2026-08-03,630.0,629.0,0.0,1,0.998
D00330,SKU006,Eastern,2025-05-05,2025-05-07,194.0,193.0,0.0,2,0.995
D00607,SKU007,Western,2025-09-08,2025-09-11,147.0,144.0,0.0,3,0.98
D00387,SKU003,Western,2025-06-01,2025-06-05,249.0,237.0,0.0,4,0.952
D00562,SKU010,Northern,2025-08-01,2025-08-03,112.0,111.0,0.0,2,0.991
D00303,SKU003,Ashanti,2025-05-04,2025-05-08,155.0,150.0,1.0,4,0.968
D01397,SKU005,Western,2026-08-03,2026-08-05,396.0,384.0,1.0,2,0.97
D01367,SKU011,Volta,2026-07-07,2026-07-10,194.0,185.0,0.0,3,0.954
D01364,SKU008,Volta,2026-07-07,2026-07-08,257.0,252.0,0.0,1,0.981
D01155,SKU003,Greater Accra,2026-05-03,2026-05-07,234.0,230.0,2.0,4,0.983
D00347,SKU011,Northern,2025-05-03,2025-05-07,134.0,128.0,1.0,4,0.955
D01211,SKU011,Northern,2026-05-03,2026-05-06,294.0,290.0,0.0,3,0.986
D00356,SKU008,Volta,2025-05-09,2025-05-11,285.0,271.0,1.0,2,0.951
D00698,SKU002,Northern,2025-10-01,2025-10-04,161.0,153.0,0.0,3,0.95
D00848,SKU008,Northern,2025-12-01,2025-12-04,381.0,364.0,0.0,3,0.955
D00623,SKU011,Eastern,2025-09-07,2025-09-10,139.0,137.0,1.0,3,0.986
D01162,SKU010,Greater Accra,2026-05-05,2026-05-07,353.0,352.0,0.0,2,0.997
D00529,SKU001,Western,2025-08-05,2025-08-06,709.0,686.0,2.0,1,0.968
D00797,SKU005,Greater Accra,2025-12-09,2025-12-12,847.0,833.0,0.0,3,0.983
D00218,SKU002,Greater Accra,2025-04-05,2025-04-07,499.0,475.0,0.0,2,0.952
D00604,SKU004,Western,2025-09-05,2025-09-07,321.0,307.0,0.0,2,0.956
D00925,SKU001,Volta,2026-01-05,2026-01-07,414.0,,,2,
D01023,SKU003,Ashanti,2026-03-05,2026-03-06,449.0,432.0,2.0,1,0.962
D00884,SKU008,Ashanti,2026-01-07,2026-01-09,253.0,245.0,1.0,2,0.968
D00454,SKU010,Ashanti,2025-07-09,2025-07-12,486.0,481.0,0.0,3,0.99
D00511,SKU007,Greater Accra,2025-08-04,2025-08-08,202.0,195.0,0.0,4,0.965
D00416,SKU008,Northern,2025-06-02,2025-06-06,198.0,196.0,,4,0.99
D01229,SKU005,Greater Accra,2026-06-03,2026-06-06,618.0,590.0,2.0,3,0.955
D00808,SKU004,Ashanti,2025-12-03,2025-12-07,249.0,244.0,2.0,4,0.98
D00689,SKU005,Eastern,2025-10-05,2025-10-08,295.0,282.0,2.0,3,0.956
D00836,SKU008,Eastern,2025-12-01,2025-12-04,316.0,310.0,1.0,3,0.981
D00530,SKU002,Western,2025-08-08,2025-08-11,425.0,404.0,0.0,3,0.951
D01468,SKU004,Western,2026-09-06,2026-09-08,408.0,399.0,0.0,2,0.978
D00844,SKU004,Northern,2025-12-03,2025-12-05,193.0,184.0,1.0,2,0.953
D00328,SKU004,Eastern,2025-05-05,2025-05-08,216.0,215.0,1.0,3,0.995
D00533,SKU005,Western,2025-08-05,2025-08-06,216.0,208.0,0.0,1,0.963
D00916,SKU004,Northern,2026-01-04,2026-01-05,196.0,194.0,0.0,1,0.99
D00401,SKU005,Eastern,2025-06-06,2025-06-08,285.0,280.0,1.0,2,0.982
D01066,SKU010,Northern,2026-03-04,2026-03-07,73.0,71.0,0.0,3,0.973
D00939,SKU003,Greater Accra,2026-02-03,2026-02-05,527.0,512.0,0.0,2,0.972
D01305,SKU009,Greater Accra,2026-07-02,2026-07-05,187.0,182.0,1.0,3,0.973
D00649,SKU001,Greater Accra,2025-10-05,2025-10-07,769.0,741.0,0.0,2,0.964
D00200,SKU008,Northern,2025-03-03,2025-03-06,122.0,116.0,0.0,3,0.951
D01384,SKU004,Ashanti,2026-08-03,2026-08-12,259.0,190.0,13.0,9,0.734
D01503,SKU003,Volta,2026-09-01,2026-09-04,132.0,127.0,1.0,3,0.962
D01248,SKU012,Ashanti,2026-06-09,2026-06-11,495.0,477.0,2.0,2,0.964
D00481,SKU001,Northern,2025-07-01,2025-07-04,421.0,412.0,2.0,3,0.979
D00515,SKU011,Greater Accra,2025-08-05,2025-08-08,399.0,379.0,0.0,3,0.95
D01327,SKU007,Western,2026-07-05,2026-07-09,213.0,204.0,2.0,4,0.958
D01446,SKU006,Greater Accra,2026-09-03,2026-09-06,753.0,727.0,1.0,3,0.965
D00640,SKU004,Volta,2025-09-03,2025-09-07,102.0,98.0,1.0,4,0.961
D00183,SKU003,Eastern,2025-03-07,2025-03-09,306.0,293.0,0.0,2,0.958
D01207,SKU007,Northern,2026-05-03,2026-05-05,164.0,160.0,0.0,2,0.976
D00934,SKU010,Volta,2026-01-05,2026-01-07,192.0,189.0,1.0,2,0.984
D00895,SKU007,Western,2026-01-05,2026-01-07,282.0,270.0,0.0,2,0.957
D00186,SKU006,Eastern,2025-03-09,2025-03-11,202.0,194.0,0.0,2,0.96
D00532,SKU004,Western,2025-08-03,2025-08-05,358.0,350.0,0.0,2,0.978
D01157,SKU005,Greater Accra,2026-05-03,2026-05-06,580.0,562.0,0.0,3,0.969
D00690,SKU006,Eastern,2025-10-07,2025-10-11,301.0,290.0,3.0,4,0.963
D00746,SKU002,Western,2025-11-02,2025-11-04,439.0,430.0,2.0,2,0.979
D00765,SKU009,Eastern,2025-11-07,2025-11-09,236.0,224.0,1.0,2,0.949
D00846,SKU006,Northern,2025-12-02,2025-12-05,283.0,273.0,1.0,3,0.965
D01259,SKU011,Western,2026-06-06,2026-06-08,265.0,251.0,2.0,2,0.947
D00486,SKU006,Northern,2025-07-05,2025-07-07,186.0,182.0,1.0,2,0.978
D00297,SKU009,Greater Accra,2025-05-07,2025-05-12,502.0,491.0,0.0,5,0.978
D01044,SKU012,Western,2026-03-03,2026-03-05,511.0,493.0,2.0,2,0.965
D00374,SKU002,Ashanti,2025-06-09,2025-06-11,466.0,458.0,1.0,2,0.983
D01005,SKU009,Volta,2026-02-02,2026-02-05,45.0,44.0,0.0,3,0.978
D00561,SKU009,Northern,2025-08-04,2025-08-07,126.0,120.0,2.0,3,0.952
D00608,SKU008,Western,2025-09-02,2025-09-05,430.0,422.0,1.0,3,0.981
D01509,SKU009,Volta,2026-09-03,2026-09-06,37.0,36.0,2.0,3,0.973
D01460,SKU008,Ashanti,2026-09-08,2026-09-10,652.0,631.0,0.0,2,0.968
D01431,SKU003,Volta,2026-08-01,2026-08-05,120.0,119.0,2.0,4,0.992
D00117,SKU009,Eastern,2025-02-04,2025-02-07,298.0,288.0,1.0,3,0.966
D00149,SKU005,Greater Accra,2025-03-08,2025-03-10,751.0,743.0,1.0,2,0.989
D00822,SKU006,Western,2025-12-08,2025-12-12,575.0,551.0,1.0,4,0.958
D00798,SKU006,Greater Accra,2025-12-08,2025-12-11,466.0,449.0,,3,0.964
D01442,SKU002,Greater Accra,2026-09-06,2026-09-08,714.0,703.0,1.0,2,0.985
D01271,SKU011,Eastern,2026-06-03,2026-06-06,192.0,189.0,0.0,3,0.984
D01242,SKU006,Ashanti,2026-06-01,2026-06-03,302.0,293.0,2.0,2,0.97
D01136,SKU008,Northern,2026-04-09,2026-04-12,276.0,274.0,0.0,3,0.993
D00714,SKU006,Volta,2025-10-09,2025-10-11,181.0,174.0,0.0,2,0.961
D01366,SKU010,Volta,2026-07-03,2026-07-04,162.0,160.0,2.0,1,0.988
D00038,SKU002,Eastern,2025-01-09,2025-01-12,281.0,279.0,,3,0.993
D01143,SKU003,Volta,2026-04-04,2026-04-10,123.0,117.0,0.0,6,0.951
D01258,SKU010,Western,2026-06-06,2026-06-08,522.0,497.0,2.0,2,0.952
D00336,SKU012,Eastern,2025-05-05,2025-05-07,118.0,117.0,1.0,2,0.992
D00024,SKU012,Ashanti,2025-01-04,2025-01-07,360.0,346.0,0.0,3,0.961
D01283,SKU011,Northern,2026-06-04,2026-06-06,311.0,303.0,0.0,2,0.974
D01334,SKU002,Eastern,2026-07-03,2026-07-06,547.0,520.0,0.0,3,0.951
D00603,SKU003,Western,2025-09-02,2025-09-03,321.0,315.0,0.0,1,0.981
D00845,SKU005,Northern,2025-12-08,2025-12-10,211.0,204.0,1.0,2,0.967
D00877,SKU001,Ashanti,2026-01-08,2026-01-10,895.0,891.0,1.0,2,0.996
D00541,SKU001,Eastern,2025-08-04,2025-08-06,390.0,380.0,0.0,2,0.974
D01480,SKU004,Eastern,2026-09-06,2026-09-10,350.0,345.0,0.0,4,0.986
D00208,SKU004,Volta,2025-03-08,2025-03-10,149.0,147.0,0.0,2,0.987
D00144,SKU012,Volta,2025-02-02,2025-02-03,129.0,127.0,0.0,1,0.984
D01106,SKU002,Western,2026-04-02,2026-04-04,444.0,441.0,0.0,2,0.993
D00570,SKU006,Volta,2025-08-02,2025-08-04,182.0,178.0,2.0,2,0.978
D01477,SKU001,Eastern,2026-09-06,2026-09-08,558.0,,0.0,2,
D00122,SKU002,Northern,2025-02-02,2025-02-04,423.0,405.0,1.0,2,0.957
D00978,SKU006,Eastern,2026-02-03,2026-02-04,501.0,495.0,0.0,1,0.988
D00455,SKU011,Ashanti,2025-07-01,2025-07-03,282.0,279.0,1.0,2,0.989
D00495,SKU003,Volta,2025-07-08,2025-07-09,69.0,66.0,0.0,1,0.957
D01051,SKU007,Eastern,2026-03-03,2026-03-06,384.0,383.0,2.0,3,0.997
D00501,SKU009,Volta,2025-07-09,2025-07-13,173.0,,2.0,4,
D00755,SKU011,Western,2025-11-09,2025-11-10,393.0,382.0,0.0,1,0.972
D00993,SKU009,Northern,2026-02-02,2026-02-06,137.0,131.0,1.0,4,0.956
D00397,SKU001,Eastern,2025-06-09,2025-06-11,342.0,326.0,0.0,2,0.953
D01418,SKU002,Northern,2026-08-01,2026-08-03,289.0,283.0,1.0,2,0.979
D00590,SKU002,Ashanti,2025-09-05,2025-09-07,352.0,351.0,0.0,2,0.997
D01476,SKU012,Western,2026-09-06,2026-09-07,420.0,404.0,1.0,1,0.962
D00796,SKU004,Greater Accra,2025-12-06,2025-12-09,649.0,646.0,0.0,3,0.995
D00648,SKU012,Volta,2025-09-07,2025-09-09,182.0,175.0,0.0,2,0.962
D01343,SKU011,Eastern,2026-07-04,2026-07-06,269.0,255.0,0.0,2,0.948
D01243,SKU007,Ashanti,2026-06-08,2026-06-11,459.0,445.0,1.0,3,0.969
D01360,SKU004,Volta,2026-07-03,2026-07-06,152.0,150.0,0.0,3,0.987
D01321,SKU001,Western,2026-07-04,2026-07-06,742.0,716.0,0.0,2,0.965
D01013,SKU005,Greater Accra,2026-03-04,2026-03-06,768.0,740.0,0.0,2,0.964
D00973,SKU001,Eastern,2026-02-04,2026-02-06,248.0,242.0,1.0,2,0.976
D00948,SKU012,Greater Accra,2026-02-05,2026-02-07,558.0,532.0,2.0,2,0.953
D00913,SKU001,Northern,2026-01-04,2026-01-05,155.0,147.0,1.0,1,0.948
D00461,SKU005,Western,2025-07-07,2025-07-09,407.0,400.0,1.0,2,0.983
D00285,SKU009,Volta,2025-04-02,2025-04-04,169.0,161.0,0.0,2,0.953
D01047,SKU003,Eastern,2026-03-08,2026-03-12,311.0,307.0,1.0,4,0.987
D01252,SKU004,Western,2026-06-06,2026-06-09,247.0,241.0,0.0,3,0.976
D00721,SKU001,Greater Accra,2025-11-05,2025-11-06,838.0,816.0,1.0,1,0.974
D01027,SKU007,Ashanti,2026-03-09,2026-03-12,572.0,563.0,2.0,3,0.984
D00549,SKU009,Eastern,2025-08-06,2025-08-10,89.0,87.0,1.0,4,0.978
D01054,SKU010,Eastern,2026-03-08,2026-03-11,511.0,491.0,0.0,3,0.961
D00499,SKU007,Volta,2025-07-07,2025-07-10,29.0,27.0,1.0,3,0.931
D00921,SKU009,Northern,2026-01-08,2026-01-10,36.0,35.0,0.0,2,0.972
D01402,SKU010,Western,2026-08-05,2026-08-10,295.0,288.0,0.0,5,0.976
D01030,SKU010,Ashanti,2026-03-03,2026-03-06,312.0,302.0,0.0,3,0.968
D01306,SKU010,Greater Accra,2026-07-06,2026-07-08,396.0,393.0,0.0,2,0.992
D01057,SKU001,Northern,2026-03-08,2026-03-09,259.0,252.0,2.0,1,0.973
D00422,SKU002,Volta,2025-06-07,2025-06-09,137.0,130.0,0.0,2,0.949
D00157,SKU001,Ashanti,2025-03-03,2025-03-05,625.0,607.0,0.0,2,0.971
D00565,SKU001,Volta,2025-08-03,2025-08-06,189.0,184.0,1.0,3,0.974
D00520,SKU004,Ashanti,2025-08-03,2025-08-04,512.0,487.0,3.0,1,0.951
D00871,SKU007,Greater Accra,2026-01-04,2026-01-06,291.0,280.0,0.0,2,0.962
D01473,SKU009,Western,2026-09-06,2026-09-10,214.0,206.0,1.0,4,0.963
D00611,SKU011,Western,2025-09-01,2025-09-04,394.0,377.0,1.0,3,0.957
D00587,SKU011,Greater Accra,2025-09-06,2025-09-08,572.0,565.0,1.0,2,0.988
D00260,SKU008,Eastern,2025-04-01,2025-04-05,279.0,267.0,1.0,4,0.957
D00298,SKU010,Greater Accra,2025-05-07,2025-05-09,464.0,459.0,0.0,2,0.989
D00554,SKU002,Northern,2025-08-09,2025-08-12,333.0,328.0,0.0,3,0.985
D01035,SKU003,Western,2026-03-08,2026-03-11,466.0,450.0,0.0,3,0.966
D00692,SKU008,Eastern,2025-10-06,2025-10-09,430.0,419.0,0.0,3,0.974
D01032,SKU012,Ashanti,2026-03-01,2026-03-04,531.0,530.0,1.0,3,0.998
D01233,SKU009,Greater Accra,2026-06-06,2026-06-09,483.0,476.0,1.0,3,0.986
D00843,SKU003,Northern,2025-12-01,2025-12-04,148.0,146.0,0.0,3,0.986
D01400,SKU008,Western,2026-08-02,2026-08-04,390.0,389.0,1.0,2,0.997
D00292,SKU004,Greater Accra,2025-05-04,2025-05-06,395.0,379.0,0.0,2,0.959
D00928,SKU004,Volta,2026-01-05,2026-01-08,145.0,141.0,0.0,3,0.972
D01074,SKU006,Volta,2026-03-04,2026-03-06,64.0,61.0,2.0,2,0.953
D00687,SKU003,Eastern,2025-10-02,2025-10-04,270.0,257.0,1.0,2,0.952
D00449,SKU005,Ashanti,2025-07-01,2025-07-03,508.0,496.0,1.0,2,0.976
D00053,SKU005,Northern,2025-01-01,2025-01-04,78.0,74.0,1.0,3,0.949
D00309,SKU009,Ashanti,2025-05-06,2025-05-08,124.0,120.0,0.0,2,0.968
D01340,SKU008,Eastern,2026-07-04,2026-07-05,430.0,419.0,0.0,1,0.974
D00489,SKU009,Northern,2025-07-05,2025-07-07,200.0,194.0,1.0,2,0.97
D00592,SKU004,Ashanti,2025-09-06,2025-09-07,460.0,449.0,1.0,1,0.976
D00743,SKU011,Ashanti,2025-11-03,2025-11-04,337.0,325.0,1.0,1,0.964
D00960,SKU012,Ashanti,2026-02-03,2026-02-05,553.0,544.0,0.0,2,0.984
D00639,SKU003,Volta,2025-09-05,2025-09-07,151.0,,0.0,2,
D00120,SKU012,Eastern,2025-02-08,2025-02-09,442.0,431.0,2.0,1,0.975
D00001,SKU001,Greater Accra,2025-01-08,2025-01-09,737.0,711.0,2.0,1,0.965
D00654,SKU006,Greater Accra,2025-10-06,2025-10-09,820.0,811.0,1.0,3,0.989
D00087,SKU003,Ashanti,2025-02-06,2025-02-08,254.0,249.0,0.0,2,0.98
D00172,SKU004,Western,2025-03-07,2025-03-09,328.0,316.0,1.0,2,0.963
D00866,SKU002,Greater Accra,2026-01-08,2026-01-10,507.0,490.0,2.0,2,0.966
D00028,SKU004,Western,2025-01-07,2025-01-09,448.0,433.0,1.0,2,0.967
D00786,SKU006,Volta,2025-11-03,2025-11-06,140.0,139.0,0.0,3,0.993
D00747,SKU003,Western,2025-11-09,2025-11-12,388.0,377.0,1.0,3,0.972
D00749,SKU005,Western,2025-11-04,2025-11-07,432.0,427.0,1.0,3,0.988
D00580,SKU004,Greater Accra,2025-09-06,2025-09-08,597.0,574.0,0.0,2,0.961
D01277,SKU005,Northern,2026-06-06,2026-06-07,161.0,158.0,0.0,1,0.981
D00553,SKU001,Northern,2025-08-09,2025-08-11,308.0,294.0,1.0,2,0.955
D01444,SKU004,Greater Accra,2026-09-05,2026-09-06,934.0,904.0,3.0,1,0.968
D00936,SKU012,Volta,2026-01-06,2026-01-09,163.0,161.0,1.0,3,0.988
D01156,SKU004,Greater Accra,2026-05-06,2026-05-08,506.0,498.0,1.0,2,0.984
D00627,SKU003,Northern,2025-09-02,2025-09-03,126.0,121.0,2.0,1,0.96
D00566,SKU002,Volta,2025-08-04,2025-08-06,227.0,225.0,1.0,2,0.991
D01150,SKU010,Volta,2026-04-04,2026-04-06,141.0,140.0,2.0,2,0.993
D00010,SKU010,Greater Accra,2025-01-06,2025-01-09,810.0,808.0,0.0,3,0.998
D01103,SKU011,Ashanti,2026-04-05,2026-04-08,588.0,568.0,0.0,3,0.966
D00914,SKU002,Northern,2026-01-05,2026-01-08,242.0,235.0,1.0,3,0.971
D00809,SKU005,Ashanti,2025-12-07,2025-12-10,578.0,558.0,0.0,3,0.965
D00544,SKU004,Eastern,2025-08-05,2025-08-08,334.0,330.0,0.0,3,0.988
D01289,SKU005,Volta,2026-06-09,2026-06-12,168.0,165.0,0.0,3,0.982
D00588,SKU012,Greater Accra,2025-09-03,2025-09-05,735.0,715.0,1.0,2,0.973
D01079,SKU011,Volta,2026-03-08,2026-03-10,168.0,165.0,1.0,2,0.982
D00389,SKU005,Western,2025-06-07,2025-06-08,288.0,282.0,0.0,1,0.979
D01377,SKU009,Greater Accra,2026-08-06,2026-08-08,283.0,271.0,1.0,2,0.958
D00251,SKU011,Western,2025-04-04,2025-04-06,357.0,350.0,1.0,2,0.98
D00444,SKU012,Greater Accra,2025-07-04,2025-07-05,439.0,428.0,1.0,1,0.975
D00166,SKU010,Ashanti,2025-03-05,2025-03-08,553.0,529.0,0.0,3,0.957
D00506,SKU002,Greater Accra,2025-08-01,2025-08-03,315.0,304.0,0.0,2,0.965
D00265,SKU001,Northern,2025-04-07,2025-04-11,237.0,236.0,0.0,4,0.996
D00052,SKU004,Northern,2025-01-06,2025-01-07,94.0,91.0,0.0,1,0.968
D00108,SKU012,Western,2025-02-02,2025-02-05,236.0,227.0,0.0,3,0.962
D01084,SKU004,Greater Accra,2026-04-01,2026-04-02,694.0,687.0,0.0,1,0.99
D00479,SKU011,Eastern,2025-07-04,2025-07-07,86.0,84.0,0.0,3,0.977
D01265,SKU005,Eastern,2026-06-08,2026-06-11,302.0,294.0,2.0,3,0.974
D00500,SKU008,Volta,2025-07-08,2025-07-11,433.0,425.0,1.0,3,0.982
D01206,SKU006,Northern,2026-05-04,2026-05-05,279.0,275.0,0.0,1,0.986
D00467,SKU011,Western,2025-07-09,2025-07-12,155.0,151.0,1.0,3,0.974
D00970,SKU010,Western,2026-02-01,2026-02-03,239.0,230.0,1.0,2,0.962
D00712,SKU004,Volta,2025-10-05,2025-10-08,223.0,,1.0,3,
D01003,SKU007,Volta,2026-02-08,2026-02-10,96.0,91.0,0.0,2,0.948
D00750,SKU006,Western,2025-11-02,2025-11-06,289.0,284.0,1.0,4,0.983
D00199,SKU007,Northern,2025-03-08,2025-03-12,155.0,151.0,2.0,4,0.974
D01081,SKU001,Greater Accra,2026-04-02,2026-04-04,1131.0,1122.0,2.0,2,0.992
D01304,SKU008,Greater Accra,2026-07-05,2026-07-09,405.0,389.0,0.0,4,0.96
D01356,SKU012,Northern,2026-07-03,2026-07-04,297.0,292.0,1.0,1,0.983
D00191,SKU011,Eastern,2025-03-01,2025-03-03,246.0,236.0,0.0,2,0.959
D01215,SKU003,Volta,2026-05-07,2026-05-09,98.0,95.0,0.0,2,0.969
D01247,SKU011,Ashanti,2026-06-07,2026-06-09,463.0,449.0,1.0,2,0.97
D01139,SKU011,Northern,2026-04-06,2026-04-10,218.0,210.0,2.0,4,0.963
D00152,SKU008,Greater Accra,2025-03-06,2025-03-10,780.0,772.0,1.0,4,0.99
D00188,SKU008,Eastern,2025-03-07,2025-03-10,328.0,314.0,1.0,3,0.957
D01098,SKU006,Ashanti,2026-04-05,2026-04-09,633.0,617.0,1.0,4,0.975
D00730,SKU010,Greater Accra,2025-11-02,2025-11-04,453.0,444.0,1.0,2,0.98
D00241,SKU001,Western,2025-04-07,2025-04-09,429.0,412.0,1.0,2,0.96
D00146,SKU002,Greater Accra,2025-03-03,2025-03-06,919.0,902.0,1.0,3,0.982
D00563,SKU011,Northern,2025-08-03,2025-08-07,186.0,183.0,1.0,4,0.984
D00256,SKU004,Eastern,2025-04-03,2025-04-06,327.0,311.0,0.0,3,0.951
D00096,SKU012,Ashanti,2025-02-04,2025-02-06,384.0,376.0,0.0,2,0.979
D01396,SKU004,Western,2026-08-03,2026-08-05,385.0,370.0,1.0,2,0.961
D01395,SKU003,Western,2026-08-04,2026-08-07,275.0,267.0,1.0,3,0.971
D00413,SKU005,Northern,2025-06-06,2025-06-07,414.0,406.0,1.0,1,0.981
D01186,SKU010,Western,2026-05-07,2026-05-09,501.0,496.0,0.0,2,0.99
D00427,SKU007,Volta,2025-06-06,2025-06-08,200.0,196.0,1.0,2,0.98
D00244,SKU004,Western,2025-04-07,2025-04-11,557.0,529.0,1.0,4,0.95
D00681,SKU009,Western,2025-10-02,2025-10-05,247.0,237.0,1.0,3,0.96
D01441,SKU001,Greater Accra,2026-09-09,2026-09-11,942.0,922.0,0.0,2,0.979
D00344,SKU008,Northern,2025-05-02,2025-05-04,142.0,136.0,0.0,2,0.958
D00955,SKU007,Ashanti,2026-02-03,2026-02-05,241.0,233.0,0.0,2,0.967
D01347,SKU003,Northern,2026-07-04,2026-07-05,244.0,243.0,0.0,1,0.996
D01055,SKU011,Eastern,2026-03-09,2026-03-12,139.0,135.0,1.0,3,0.971
D01398,SKU006,Western,2026-08-02,2026-08-06,256.0,245.0,0.0,4,0.957
D00707,SKU011,Northern,2025-10-04,2025-10-07,169.0,167.0,0.0,3,0.988
D00057,SKU009,Northern,2025-01-05,2025-01-07,72.0,71.0,0.0,2,0.986
D00423,SKU003,Volta,2025-06-06,2025-06-09,88.0,83.0,0.0,3,0.943
D00150,SKU006,Greater Accra,2025-03-08,2025-03-09,320.0,308.0,0.0,1,0.962
D00534,SKU006,Western,2025-08-05,2025-08-06,557.0,529.0,0.0,1,0.95
D00184,SKU004,Eastern,2025-03-04,2025-03-06,85.0,81.0,1.0,2,0.953
D01025,SKU005,Ashanti,2026-03-09,2026-03-11,604.0,603.0,0.0,2,0.998
D01412,SKU008,Eastern,2026-08-04,2026-08-07,295.0,289.0,1.0,3,0.98
D01151,SKU011,Volta,2026-04-06,2026-04-08,225.0,215.0,0.0,2,0.956
D01319,SKU011,Ashanti,2026-07-03,2026-07-07,418.0,402.0,2.0,4,0.962
D01069,SKU001,Volta,2026-03-06,2026-03-08,384.0,380.0,0.0,2,0.99
D00947,SKU011,Greater Accra,2026-02-03,2026-02-07,325.0,310.0,0.0,4,0.954
D01338,SKU006,Eastern,2026-07-09,2026-07-12,190.0,182.0,1.0,3,0.958
D00952,SKU004,Ashanti,2026-02-08,2026-02-11,197.0,190.0,1.0,3,0.964
D00824,SKU008,Western,2025-12-07,2025-12-10,383.0,370.0,2.0,3,0.966
D00110,SKU002,Eastern,2025-02-04,2025-02-09,274.0,260.0,4.0,5,0.949
D01083,SKU003,Greater Accra,2026-04-06,2026-04-08,451.0,450.0,1.0,2,0.998
D00394,SKU010,Western,2025-06-01,2025-06-03,416.0,415.0,0.0,2,0.998
D00819,SKU003,Western,2025-12-09,2025-12-10,396.0,384.0,0.0,1,0.97
D00457,SKU001,Western,2025-07-05,2025-07-06,598.0,584.0,0.0,1,0.977
D00361,SKU001,Greater Accra,2025-06-02,2025-06-03,664.0,645.0,1.0,1,0.971
D00710,SKU002,Volta,2025-10-01,2025-10-03,142.0,137.0,1.0,2,0.965
D00440,SKU008,Greater Accra,2025-07-01,2025-07-05,554.0,551.0,0.0,4,0.995
D00175,SKU007,Western,2025-03-03,2025-03-05,241.0,237.0,0.0,2,0.983
D01147,SKU007,Volta,2026-04-08,2026-04-12,145.0,139.0,0.0,4,0.959
